--------------------------------------------------------
--  DDL for Table Drop
--------------------------------------------------------
drop table Customer cascade constraints;
drop table department cascade constraints;
drop table employee cascade constraints;
drop table item cascade constraints;
drop table job cascade constraints;
drop table location cascade constraints;
drop table price cascade constraints;
drop table product cascade constraints;
drop table salary_grade cascade constraints;
drop table sales_order cascade constraints;
--------------------------------------------------------
--  DDL for Table CUSTOMER
--------------------------------------------------------

  CREATE TABLE "CUSTOMER" 
   (	"CUSTOMER_ID" NUMBER(6,0), 
	"NAME" VARCHAR2(45), 
	"ADDRESS" VARCHAR2(40), 
	"CITY" VARCHAR2(30), 
	"STATE" VARCHAR2(2), 
	"ZIP_CODE" VARCHAR2(9), 
	"AREA_CODE" NUMBER(3,0), 
	"PHONE_NUMBER" NUMBER(7,0), 
	"SALESPERSON_ID" NUMBER(4,0), 
	"CREDIT_LIMIT" NUMBER(9,2), 
	"COMMENTS" LONG
   ) ;
 
   COMMENT ON COLUMN  "CUSTOMER"."CUSTOMER_ID" IS 'Unique 6 digit number assigned to all customers.  Number generated by the sequence CUSTOMER_ID.';
 
   COMMENT ON COLUMN  "CUSTOMER"."NAME" IS 'Full store name of every customer (up to 45 characters).  Storing names in all caps is recommended but not required.';
 
   COMMENT ON COLUMN  "CUSTOMER"."ADDRESS" IS 'Street address of customer.  CITY, STATE, and ZIP_CODE make up the rest of the address.';
 
   COMMENT ON COLUMN  "CUSTOMER"."CITY" IS 'City name for address of customer.  Storing city names in all caps is recommended, but not required.';
 
   COMMENT ON COLUMN  "CUSTOMER"."STATE" IS 'Two letter abbreviation for state name for address of customer.  Must be entered in all caps.';
 
   COMMENT ON COLUMN  "CUSTOMER"."ZIP_CODE" IS 'Zip code of customer.  Supports both 5 and 9 digit zip codes.  Dashes should be omitted from 9 digit zips.';
 
   COMMENT ON COLUMN  "CUSTOMER"."AREA_CODE" IS 'Area code of phone number for customer.';
 
   COMMENT ON COLUMN  "CUSTOMER"."PHONE_NUMBER" IS 'Phone number of customer.  This field does not supports letters and spaces for mnemonics (7 numeric digits only).';
 
   COMMENT ON COLUMN  "CUSTOMER"."SALESPERSON_ID" IS 'Employee number of sales representative handling customer''s account.  Employee information can be found in the EMPLOYEE table.';
 
   COMMENT ON COLUMN  "CUSTOMER"."CREDIT_LIMIT" IS 'Credit limit of customer or prospective customer in U.S. dollars.';
 
   COMMENT ON COLUMN  "CUSTOMER"."COMMENTS" IS 'Field can be used flexibly.  Suggestions for use include lists of action items or special considerations when dealing with the particular customer.';
 
   COMMENT ON TABLE  "CUSTOMER"  IS 'Information on all U.S. customers and prospective customers.';
 
--------------------------------------------------------
--  DDL for Table DEPARTMENT
--------------------------------------------------------

  CREATE TABLE  "DEPARTMENT" 
   (	"DEPARTMENT_ID" NUMBER(2,0), 
	"NAME" VARCHAR2(14), 
	"LOCATION_ID" NUMBER(3,0)
   ) ;
 
   COMMENT ON COLUMN  "DEPARTMENT"."DEPARTMENT_ID" IS 'Department number: Unique 2-digit department number assigned to each department.';
 
   COMMENT ON COLUMN  "DEPARTMENT"."NAME" IS 'Department name: Only the first 14 characters of a department name can be stored.  Storing names in all caps is recommended but not required.';
 
   COMMENT ON COLUMN  "DEPARTMENT"."LOCATION_ID" IS 'Department location: The code for where the department''s central office is located.  (LOCATION)';
 
   COMMENT ON TABLE  "DEPARTMENT"  IS 'Department information for all U.S. operations.';
 
--------------------------------------------------------
--  DDL for Table EMPLOYEE
--------------------------------------------------------

  CREATE TABLE  "EMPLOYEE" 
   (	"EMPLOYEE_ID" NUMBER(4,0), 
	"LAST_NAME" VARCHAR2(15), 
	"FIRST_NAME" VARCHAR2(15), 
	"MIDDLE_INITIAL" VARCHAR2(1), 
	"JOB_ID" NUMBER(3,0), 
	"MANAGER_ID" NUMBER(4,0), 
	"HIRE_DATE" DATE, 
	"SALARY" NUMBER(7,2), 
	"COMMISSION" NUMBER(7,2), 
	"DEPARTMENT_ID" NUMBER(2,0)
   ) ;
 
   COMMENT ON COLUMN  "EMPLOYEE"."EMPLOYEE_ID" IS 'Employee Number: Unique 4-digit identification number assigned to every employee.';
 
   COMMENT ON COLUMN  "EMPLOYEE"."LAST_NAME" IS 'Last name of employee.  Stored in all caps.';
 
   COMMENT ON COLUMN  "EMPLOYEE"."FIRST_NAME" IS 'First name of employee.  Stored in all caps.';
 
   COMMENT ON COLUMN  "EMPLOYEE"."MIDDLE_INITIAL" IS 'Middle initial (one character only).  Stored in all caps.';
 
   COMMENT ON COLUMN  "EMPLOYEE"."JOB_ID" IS 'Job identification number.  See JOB for descriptions.';
 
   COMMENT ON COLUMN  "EMPLOYEE"."MANAGER_ID" IS 'Manager: The employee number of this employee''s manager.  If employee has no manager, value should be NULL.';
 
   COMMENT ON COLUMN  "EMPLOYEE"."HIRE_DATE" IS 'Date the employee was HIRED, not necessarily the day the employee STARTED.';
 
   COMMENT ON COLUMN  "EMPLOYEE"."SALARY" IS 'Monthly salary for the employee in U.S. dollars.  Salary grade information can be found in the table SALARY_GRADE.';
 
   COMMENT ON COLUMN  "EMPLOYEE"."COMMISSION" IS 'Commission (in U.S. dollars) earned last month.  This field should be NULL for non-commissioned employees.';
 
   COMMENT ON COLUMN  "EMPLOYEE"."DEPARTMENT_ID" IS 'Employee''s department number.  Further department information is available in the table DEPT.';
 
   COMMENT ON TABLE  "EMPLOYEE"  IS 'General information on all corporate employees.';
 
--------------------------------------------------------
--  DDL for Table ITEM
--------------------------------------------------------

  CREATE TABLE  "ITEM" 
   (	"ORDER_ID" NUMBER(4,0), 
	"ITEM_ID" NUMBER(4,0), 
	"PRODUCT_ID" NUMBER(6,0), 
	"ACTUAL_PRICE" NUMBER(8,4), 
	"QUANTITY" NUMBER(8,4), 
	"TOTAL" NUMBER(8,2)
   ) ;
 
   COMMENT ON COLUMN  "ITEM"."ORDER_ID" IS 'Sales order in which this item appears.  Sales order information can be found in table SALES_ORDER.';
 
   COMMENT ON COLUMN  "ITEM"."ITEM_ID" IS 'Number of item within the sales order.';
 
   COMMENT ON COLUMN  "ITEM"."PRODUCT_ID" IS 'Number of product (described in PRODUCT) that pertains to the line item.';
 
   COMMENT ON COLUMN  "ITEM"."ACTUAL_PRICE" IS 'Price in U.S. dollars.  The standard price is PRICE.STANDARD_PRICE, but in some instances, discounts are given to as low as PRICE.MINIMUM_PRICE.';
 
   COMMENT ON COLUMN  "ITEM"."QUANTITY" IS 'The amount of product to be ordered in this line item.';
 
   COMMENT ON COLUMN  "ITEM"."TOTAL" IS 'The total price (in U.S. dollars) of this line item.  TOTAL = ACTUAL_PRICE * QUANTITY.';
 
   COMMENT ON TABLE  "ITEM"  IS 'Items listed in sales orders.  Product information can be found in table PRODUCT.  Sales order information can be found in table SALES_ORDER.';
 
--------------------------------------------------------
--  DDL for Table JOB
--------------------------------------------------------

  CREATE TABLE  "JOB" 
   (	"JOB_ID" NUMBER(3,0), 
	"FUNCTION" VARCHAR2(30)
   ) ;
 
   COMMENT ON COLUMN  "JOB"."JOB_ID" IS 'Unique 3-digit code for job function and title.';
 
   COMMENT ON COLUMN  "JOB"."FUNCTION" IS 'Generic function class of job.';
 
   COMMENT ON TABLE  "JOB"  IS 'All valid job categories for personnel information.';
 
--------------------------------------------------------
--  DDL for Table LOCATION
--------------------------------------------------------

  CREATE TABLE  "LOCATION" 
   (	"LOCATION_ID" NUMBER(3,0), 
	"REGIONAL_GROUP" VARCHAR2(20)
   ) ;
 
   COMMENT ON COLUMN  "LOCATION"."LOCATION_ID" IS 'Central location corporate location code.';
 
   COMMENT ON COLUMN  "LOCATION"."REGIONAL_GROUP" IS 'Metropolitan center closest to location.';
 
   COMMENT ON TABLE  "LOCATION"  IS 'Location information for all U.S. departments and warehouses.';
 
--------------------------------------------------------
--  DDL for Table PRICE
--------------------------------------------------------

  CREATE TABLE  "PRICE" 
   (	"PRODUCT_ID" NUMBER(6,0), 
	"LIST_PRICE" NUMBER(8,2), 
	"MIN_PRICE" NUMBER(8,2), 
	"START_DATE" DATE, 
	"END_DATE" DATE
   ) ;
 
   COMMENT ON COLUMN  "PRICE"."PRODUCT_ID" IS 'Product number to which price applies.  Product name found in table PRICE.';
 
   COMMENT ON COLUMN  "PRICE"."LIST_PRICE" IS 'Undiscounted price (in U.S. dollars).';
 
   COMMENT ON COLUMN  "PRICE"."MIN_PRICE" IS 'Lowest price (in U.S. dollars) that can be offered.';
 
   COMMENT ON COLUMN  "PRICE"."START_DATE" IS 'Date which standard and minimum prices go into effect.';
 
   COMMENT ON COLUMN  "PRICE"."END_DATE" IS 'Date which standard and minimum price expire.  This value can be left NULL.';
 
   COMMENT ON TABLE  "PRICE"  IS 'Prices (both standard and minimum) of products.  Database tracks both effective dates and expiration dates for prices.';
 
--------------------------------------------------------
--  DDL for Table PRODUCT
--------------------------------------------------------

  CREATE TABLE  "PRODUCT" 
   (	"PRODUCT_ID" NUMBER(6,0), 
	"DESCRIPTION" VARCHAR2(30)
   ) ;
 
   COMMENT ON COLUMN  "PRODUCT"."PRODUCT_ID" IS 'Unique 6 digit number assigned to all products.  Number generated by sequence PRODUCT_ID.';
 
   COMMENT ON COLUMN  "PRODUCT"."DESCRIPTION" IS 'Full product name (up to 30 characters).  Storing product names in all caps is recommended but not required.';
 
   COMMENT ON TABLE  "PRODUCT"  IS 'Products in catalog.  Pricing information can be found in table PRICE.';
 
--------------------------------------------------------
--  DDL for Table SALARY_GRADE
--------------------------------------------------------

  CREATE TABLE  "SALARY_GRADE" 
   (	"GRADE_ID" NUMBER(3,0), 
	"LOWER_BOUND" NUMBER(7,2), 
	"UPPER_BOUND" NUMBER(7,2)
   ) ;
 
   COMMENT ON COLUMN  "SALARY_GRADE"."GRADE_ID" IS 'Number used to grade salaries.  Higher salary grade numbers denote higher salaries.';
 
   COMMENT ON COLUMN  "SALARY_GRADE"."LOWER_BOUND" IS 'The lowest monthly salary that applies to a particular salary grade. (i.e. the condition ROUND(EMP.SAL) >= LOWER_BOUND must be met.)';
 
   COMMENT ON COLUMN  "SALARY_GRADE"."UPPER_BOUND" IS 'The highest monthly salary that applies to a particular salary grade. (i.e. the condition ROUND(EMP.SAL) <= UPPER_BOUND must be met.)';
 
   COMMENT ON TABLE  "SALARY_GRADE"  IS 'Salary grade levels.  Used to classify monthly salary information in U.S. dollars, as found in EMP.SAL.';
 
--------------------------------------------------------
--  DDL for Table SALES_ORDER
--------------------------------------------------------

  CREATE TABLE  "SALES_ORDER" 
   (	"ORDER_ID" NUMBER(4,0), 
	"ORDER_DATE" DATE, 
	"CUSTOMER_ID" NUMBER(6,0), 
	"SHIP_DATE" DATE, 
	"TOTAL" NUMBER(8,2)
   ) ;
 
   COMMENT ON COLUMN  "SALES_ORDER"."ORDER_ID" IS 'Unique 4 digit number assigned to all orders.  Number generated by sequence ORDER_ID.';
 
   COMMENT ON COLUMN  "SALES_ORDER"."ORDER_DATE" IS 'Date sales order logged (not necessarily when order was fulfilled.)';
 
   COMMENT ON COLUMN  "SALES_ORDER"."CUSTOMER_ID" IS 'Customer ordering the goods.  Further information can be found in the table CUSTOMER.';
 
   COMMENT ON COLUMN  "SALES_ORDER"."SHIP_DATE" IS 'Date order fulfilled and invoice sent (not necessarily date payment received).';
 
   COMMENT ON COLUMN  "SALES_ORDER"."TOTAL" IS 'Total of all items totals in the order.  (i.e. the value of TOTAL for order N should contain: SELECT SUM(TOTAL) FROM ITEM WHERE ORDER_ID=N)';
 
   COMMENT ON TABLE  "SALES_ORDER"  IS 'Sales order for a customer.  Items in the order can be found in the table ITEM.';
 
---------------------------------------------------
--   DATA FOR TABLE CUSTOMER
--   FILTER = none used
---------------------------------------------------
-- INSERTING into CUSTOMER
Insert into CUSTOMER (CUSTOMER_ID,NAME,ADDRESS,CITY,STATE,ZIP_CODE,AREA_CODE,PHONE_NUMBER,SALESPERSON_ID,CREDIT_LIMIT,COMMENTS) values (100,'JOCKSPORTS','345 VIEWRIDGE','BELMONT','CA','96711',415,5986609,7844,5000,'Very friendly people to work with -- sales rep likes to be called Mike.');
Insert into CUSTOMER (CUSTOMER_ID,NAME,ADDRESS,CITY,STATE,ZIP_CODE,AREA_CODE,PHONE_NUMBER,SALESPERSON_ID,CREDIT_LIMIT,COMMENTS) values (101,'TKB SPORT SHOP','490 BOLI RD.','REDWOOD CITY','CA','94061',415,3681223,7521,10000,'Rep called 5/8 about change in order - contact shipping.');
Insert into CUSTOMER (CUSTOMER_ID,NAME,ADDRESS,CITY,STATE,ZIP_CODE,AREA_CODE,PHONE_NUMBER,SALESPERSON_ID,CREDIT_LIMIT,COMMENTS) values (102,'VOLLYRITE','9722 HAMILTON','BURLINGAME','CA','95133',415,6443341,7654,7000,'Company doing heavy promotion beginning 10/89. Prepare for large orders during winter.');
Insert into CUSTOMER (CUSTOMER_ID,NAME,ADDRESS,CITY,STATE,ZIP_CODE,AREA_CODE,PHONE_NUMBER,SALESPERSON_ID,CREDIT_LIMIT,COMMENTS) values (103,'JUST TENNIS','HILLVIEW MALL','BURLINGAME','CA','97544',415,6779312,7521,3000,'Contact rep about new line of tennis rackets.');
Insert into CUSTOMER (CUSTOMER_ID,NAME,ADDRESS,CITY,STATE,ZIP_CODE,AREA_CODE,PHONE_NUMBER,SALESPERSON_ID,CREDIT_LIMIT,COMMENTS) values (104,'EVERY MOUNTAIN','574 SURRY RD.','CUPERTINO','CA','93301',408,9962323,7499,10000,'Customer with high market share (23%) due to aggressive advertising.');
Insert into CUSTOMER (CUSTOMER_ID,NAME,ADDRESS,CITY,STATE,ZIP_CODE,AREA_CODE,PHONE_NUMBER,SALESPERSON_ID,CREDIT_LIMIT,COMMENTS) values (105,'K + T SPORTS','3476 EL PASEO','SANTA CLARA','CA','91003',408,3769966,7844,5000,'Tends to order large amounts of merchandise at once. Accounting is considering raising their credit limit. Usually pays on time.');
Insert into CUSTOMER (CUSTOMER_ID,NAME,ADDRESS,CITY,STATE,ZIP_CODE,AREA_CODE,PHONE_NUMBER,SALESPERSON_ID,CREDIT_LIMIT,COMMENTS) values (106,'SHAPE UP','908 SEQUOIA','PALO ALTO','CA','94301',415,3649777,7521,6000,'Support intensive. Orders small amounts (< 800) of merchandise at a time.');
Insert into CUSTOMER (CUSTOMER_ID,NAME,ADDRESS,CITY,STATE,ZIP_CODE,AREA_CODE,PHONE_NUMBER,SALESPERSON_ID,CREDIT_LIMIT,COMMENTS) values (107,'WOMENS SPORTS','VALCO VILLAGE','SUNNYVALE','CA','93301',408,9674398,7499,10000,'First sporting goods store geared exclusively towards women. Unusual promotional style and very willing to take chances towards new products!');
Insert into CUSTOMER (CUSTOMER_ID,NAME,ADDRESS,CITY,STATE,ZIP_CODE,AREA_CODE,PHONE_NUMBER,SALESPERSON_ID,CREDIT_LIMIT,COMMENTS) values (108,'NORTH WOODS HEALTH AND FITNESS SUPPLY CENTER','98 LONE PINE WAY','HIBBING','MN','55649',612,5669123,7844,8000,null);
Insert into CUSTOMER (CUSTOMER_ID,NAME,ADDRESS,CITY,STATE,ZIP_CODE,AREA_CODE,PHONE_NUMBER,SALESPERSON_ID,CREDIT_LIMIT,COMMENTS) values (201,'STADIUM SPORTS','47 IRVING PL.','NEW YORK','NY','10003',212,5555335,7557,10000,'Large general-purpose sports store with an affluent customer base.');
Insert into CUSTOMER (CUSTOMER_ID,NAME,ADDRESS,CITY,STATE,ZIP_CODE,AREA_CODE,PHONE_NUMBER,SALESPERSON_ID,CREDIT_LIMIT,COMMENTS) values (202,'HOOPS','2345 ADAMS AVE.','LEICESTER','MA','01524',508,5557542,7820,5000,'Specializes in basketball equipment.');
Insert into CUSTOMER (CUSTOMER_ID,NAME,ADDRESS,CITY,STATE,ZIP_CODE,AREA_CODE,PHONE_NUMBER,SALESPERSON_ID,CREDIT_LIMIT,COMMENTS) values (203,'REBOUND SPORTS','2 E. 14TH ST.','NEW YORK','NY','10009',212,5555989,7557,10000,'Follow up on the promotion proposal.');
Insert into CUSTOMER (CUSTOMER_ID,NAME,ADDRESS,CITY,STATE,ZIP_CODE,AREA_CODE,PHONE_NUMBER,SALESPERSON_ID,CREDIT_LIMIT,COMMENTS) values (204,'THE POWER FORWARD','1 KNOTS LANDING','DALLAS','TX','75248',214,5550505,7560,12000,'Large floorspace.  Prefers maintaining large amounts of inventory on hand.');
Insert into CUSTOMER (CUSTOMER_ID,NAME,ADDRESS,CITY,STATE,ZIP_CODE,AREA_CODE,PHONE_NUMBER,SALESPERSON_ID,CREDIT_LIMIT,COMMENTS) values (205,'POINT GUARD','20 THURSTON ST.','YONKERS','NY','10956',914,5554766,7557,3000,'Tremendous potential for an exclusive agreement.');
Insert into CUSTOMER (CUSTOMER_ID,NAME,ADDRESS,CITY,STATE,ZIP_CODE,AREA_CODE,PHONE_NUMBER,SALESPERSON_ID,CREDIT_LIMIT,COMMENTS) values (206,'THE COLISEUM','5678 WILBUR PL.','SCARSDALE','NY','10583',914,5550217,7557,6000,'Contact rep. about new product lines.');
Insert into CUSTOMER (CUSTOMER_ID,NAME,ADDRESS,CITY,STATE,ZIP_CODE,AREA_CODE,PHONE_NUMBER,SALESPERSON_ID,CREDIT_LIMIT,COMMENTS) values (207,'FAST BREAK','1000 HERBERT LN.','CONCORD','MA','01742',508,5551298,7820,7000,'Customer requires written price quotes before making purchase requisitions.');
Insert into CUSTOMER (CUSTOMER_ID,NAME,ADDRESS,CITY,STATE,ZIP_CODE,AREA_CODE,PHONE_NUMBER,SALESPERSON_ID,CREDIT_LIMIT,COMMENTS) values (208,'AL AND BOB''S SPORTS','260 YORKTOWN CT.','AUSTIN','TX','78731',512,5557631,7560,4000,'Very personal purchasing agents -- Sharon and Scott.');
Insert into CUSTOMER (CUSTOMER_ID,NAME,ADDRESS,CITY,STATE,ZIP_CODE,AREA_CODE,PHONE_NUMBER,SALESPERSON_ID,CREDIT_LIMIT,COMMENTS) values (211,'AT BAT','234 BEACHEM ST.','BROOKLINE','MA','02146',617,5557385,7820,8000,'Have an open purchase order for $3000.  Ship immediately on request.');
Insert into CUSTOMER (CUSTOMER_ID,NAME,ADDRESS,CITY,STATE,ZIP_CODE,AREA_CODE,PHONE_NUMBER,SALESPERSON_ID,CREDIT_LIMIT,COMMENTS) values (212,'ALL SPORT','1000 38TH ST.','BROOKLYN','NY','11210',718,5551739,7600,6000,'Pursue a contract -- possible candidate for volume purchasing agreements.');
Insert into CUSTOMER (CUSTOMER_ID,NAME,ADDRESS,CITY,STATE,ZIP_CODE,AREA_CODE,PHONE_NUMBER,SALESPERSON_ID,CREDIT_LIMIT,COMMENTS) values (213,'GOOD SPORT','400 46TH ST.','SUNNYSIDE','NY','11104',718,5553771,7600,5000,'May be moving to a larger location.');
Insert into CUSTOMER (CUSTOMER_ID,NAME,ADDRESS,CITY,STATE,ZIP_CODE,AREA_CODE,PHONE_NUMBER,SALESPERSON_ID,CREDIT_LIMIT,COMMENTS) values (214,'AL''S PRO SHOP','45 SPRUCE ST.','SPRING','TX','77388',713,5555172,7564,8000,'Target market is serious athletes.');
Insert into CUSTOMER (CUSTOMER_ID,NAME,ADDRESS,CITY,STATE,ZIP_CODE,AREA_CODE,PHONE_NUMBER,SALESPERSON_ID,CREDIT_LIMIT,COMMENTS) values (215,'BOB''S FAMILY SPORTS','400 E. 23RD','HOUSTON','TX','77026',713,5558015,7654,8000,'Target market is casual and weekend athletes.  Offers a large selection.');
Insert into CUSTOMER (CUSTOMER_ID,NAME,ADDRESS,CITY,STATE,ZIP_CODE,AREA_CODE,PHONE_NUMBER,SALESPERSON_ID,CREDIT_LIMIT,COMMENTS) values (216,'THE ALL AMERICAN','547 PRENTICE RD.','CHELSEA','MA','02150',617,5553047,7820,5000,'Customer prefers to be called between 10 and 12.');
Insert into CUSTOMER (CUSTOMER_ID,NAME,ADDRESS,CITY,STATE,ZIP_CODE,AREA_CODE,PHONE_NUMBER,SALESPERSON_ID,CREDIT_LIMIT,COMMENTS) values (217,'HIT, THROW, AND RUN','333 WOOD COURT','GRAPEVINE','TX','76051',817,5552352,7564,6000,'General purpose sports store.');
Insert into CUSTOMER (CUSTOMER_ID,NAME,ADDRESS,CITY,STATE,ZIP_CODE,AREA_CODE,PHONE_NUMBER,SALESPERSON_ID,CREDIT_LIMIT,COMMENTS) values (218,'THE OUTFIELD','346 GARDEN BLVD.','FLUSHING','NY','11355',718,5552131,7820,4000,'Store does not open until 11am and does not have an answering service.');
Insert into CUSTOMER (CUSTOMER_ID,NAME,ADDRESS,CITY,STATE,ZIP_CODE,AREA_CODE,PHONE_NUMBER,SALESPERSON_ID,CREDIT_LIMIT,COMMENTS) values (221,'WHEELS AND DEALS','2 MEMORIAL DRIVE','HOUSTON','TX','77007',713,5554139,7789,10000,'Discount bicycle and sporting good store.');
Insert into CUSTOMER (CUSTOMER_ID,NAME,ADDRESS,CITY,STATE,ZIP_CODE,AREA_CODE,PHONE_NUMBER,SALESPERSON_ID,CREDIT_LIMIT,COMMENTS) values (222,'JUST BIKES','4000 PARKRIDGE BLVD.','DALLAS','TX','75205',214,5558735,7789,4000,'Exclusive bicycle dealer.');
Insert into CUSTOMER (CUSTOMER_ID,NAME,ADDRESS,CITY,STATE,ZIP_CODE,AREA_CODE,PHONE_NUMBER,SALESPERSON_ID,CREDIT_LIMIT,COMMENTS) values (223,'VELO SPORTS','23 WHITE ST.','MALDEN','MA','02148',617,5554983,7820,5000,'Clerk answers all phone lines.  Ask for Mike.');
Insert into CUSTOMER (CUSTOMER_ID,NAME,ADDRESS,CITY,STATE,ZIP_CODE,AREA_CODE,PHONE_NUMBER,SALESPERSON_ID,CREDIT_LIMIT,COMMENTS) values (224,'JOE''S BIKE SHOP','4500 FOX COURT','GRAND PRARIE','TX','75051',214,5559834,7789,6000,'Call Joe to make sure last shipment was complete.');
Insert into CUSTOMER (CUSTOMER_ID,NAME,ADDRESS,CITY,STATE,ZIP_CODE,AREA_CODE,PHONE_NUMBER,SALESPERSON_ID,CREDIT_LIMIT,COMMENTS) values (225,'BOB''S SWIM, CYCLE, AND RUN','300 HORSECREEK CIRCLE','IRVING','TX','75039',214,5558388,7789,7000,'Store catering to triathletes.');
Insert into CUSTOMER (CUSTOMER_ID,NAME,ADDRESS,CITY,STATE,ZIP_CODE,AREA_CODE,PHONE_NUMBER,SALESPERSON_ID,CREDIT_LIMIT,COMMENTS) values (226,'CENTURY SHOP','8 DAGMAR DR.','HUNTINGTON','NY','11743',516,5553006,7555,4000,'Customer in the midst of a cost-cutting program.');
Insert into CUSTOMER (CUSTOMER_ID,NAME,ADDRESS,CITY,STATE,ZIP_CODE,AREA_CODE,PHONE_NUMBER,SALESPERSON_ID,CREDIT_LIMIT,COMMENTS) values (227,'THE TOUR','2500 GARDNER RD.','SOMERVILLE','MA','02144',617,5556673,7820,5000,'Customer referred to us by The All American.');
Insert into CUSTOMER (CUSTOMER_ID,NAME,ADDRESS,CITY,STATE,ZIP_CODE,AREA_CODE,PHONE_NUMBER,SALESPERSON_ID,CREDIT_LIMIT,COMMENTS) values (228,'FITNESS FIRST','5000 85TH ST.','JACKSON HEIGHTS','NY','11372',718,5558710,7555,4000,'Recently acquired another sporting goods store.  Expect higher volume in the future.');

---------------------------------------------------
--   END DATA FOR TABLE CUSTOMER
---------------------------------------------------

---------------------------------------------------
--   DATA FOR TABLE DEPARTMENT
--   FILTER = none used
---------------------------------------------------
-- INSERTING into DEPARTMENT
Insert into DEPARTMENT (DEPARTMENT_ID,NAME,LOCATION_ID) values (10,'ACCOUNTING',122);
Insert into DEPARTMENT (DEPARTMENT_ID,NAME,LOCATION_ID) values (20,'RESEARCH',124);
Insert into DEPARTMENT (DEPARTMENT_ID,NAME,LOCATION_ID) values (30,'SALES',123);
Insert into DEPARTMENT (DEPARTMENT_ID,NAME,LOCATION_ID) values (40,'OPERATIONS',167);
Insert into DEPARTMENT (DEPARTMENT_ID,NAME,LOCATION_ID) values (12,'RESEARCH',122);
Insert into DEPARTMENT (DEPARTMENT_ID,NAME,LOCATION_ID) values (13,'SALES',122);
Insert into DEPARTMENT (DEPARTMENT_ID,NAME,LOCATION_ID) values (14,'OPERATIONS',122);
Insert into DEPARTMENT (DEPARTMENT_ID,NAME,LOCATION_ID) values (23,'SALES',124);
Insert into DEPARTMENT (DEPARTMENT_ID,NAME,LOCATION_ID) values (24,'OPERATIONS',124);
Insert into DEPARTMENT (DEPARTMENT_ID,NAME,LOCATION_ID) values (34,'OPERATIONS',123);
Insert into DEPARTMENT (DEPARTMENT_ID,NAME,LOCATION_ID) values (43,'SALES',167);

---------------------------------------------------
--   END DATA FOR TABLE DEPARTMENT
---------------------------------------------------

---------------------------------------------------
--   DATA FOR TABLE EMPLOYEE
--   FILTER = none used
---------------------------------------------------
-- INSERTING into EMPLOYEE
Insert into EMPLOYEE (EMPLOYEE_ID,LAST_NAME,FIRST_NAME,MIDDLE_INITIAL,JOB_ID,MANAGER_ID,HIRE_DATE,SALARY,COMMISSION,DEPARTMENT_ID) values (7369,'SMITH','JOHN','Q',667,7902,to_date('1984.12.17','RRRR.MM.DD'),800,null,20);
Insert into EMPLOYEE (EMPLOYEE_ID,LAST_NAME,FIRST_NAME,MIDDLE_INITIAL,JOB_ID,MANAGER_ID,HIRE_DATE,SALARY,COMMISSION,DEPARTMENT_ID) values (7499,'ALLEN','KEVIN','J',670,7698,to_date('1985.02.20','RRRR.MM.DD'),1600,300,30);
Insert into EMPLOYEE (EMPLOYEE_ID,LAST_NAME,FIRST_NAME,MIDDLE_INITIAL,JOB_ID,MANAGER_ID,HIRE_DATE,SALARY,COMMISSION,DEPARTMENT_ID) values (7505,'DOYLE','JEAN','K',671,7839,to_date('1985.04.04','RRRR.MM.DD'),2850,null,13);
Insert into EMPLOYEE (EMPLOYEE_ID,LAST_NAME,FIRST_NAME,MIDDLE_INITIAL,JOB_ID,MANAGER_ID,HIRE_DATE,SALARY,COMMISSION,DEPARTMENT_ID) values (7506,'DENNIS','LYNN','S',671,7839,to_date('1985.05.15','RRRR.MM.DD'),2750,null,23);
Insert into EMPLOYEE (EMPLOYEE_ID,LAST_NAME,FIRST_NAME,MIDDLE_INITIAL,JOB_ID,MANAGER_ID,HIRE_DATE,SALARY,COMMISSION,DEPARTMENT_ID) values (7507,'BAKER','LESLIE','D',671,7839,to_date('1985.06.10','RRRR.MM.DD'),2200,null,14);
Insert into EMPLOYEE (EMPLOYEE_ID,LAST_NAME,FIRST_NAME,MIDDLE_INITIAL,JOB_ID,MANAGER_ID,HIRE_DATE,SALARY,COMMISSION,DEPARTMENT_ID) values (7521,'WARD','CYNTHIA','D',670,7698,to_date('1985.02.22','RRRR.MM.DD'),1250,500,30);
Insert into EMPLOYEE (EMPLOYEE_ID,LAST_NAME,FIRST_NAME,MIDDLE_INITIAL,JOB_ID,MANAGER_ID,HIRE_DATE,SALARY,COMMISSION,DEPARTMENT_ID) values (7555,'PETERS','DANIEL','T',670,7505,to_date('1985.03.31','RRRR.MM.DD'),1250,300,13);
Insert into EMPLOYEE (EMPLOYEE_ID,LAST_NAME,FIRST_NAME,MIDDLE_INITIAL,JOB_ID,MANAGER_ID,HIRE_DATE,SALARY,COMMISSION,DEPARTMENT_ID) values (7557,'SHAW','KAREN','P',670,7505,to_date('1985.04.02','RRRR.MM.DD'),1250,1200,13);
Insert into EMPLOYEE (EMPLOYEE_ID,LAST_NAME,FIRST_NAME,MIDDLE_INITIAL,JOB_ID,MANAGER_ID,HIRE_DATE,SALARY,COMMISSION,DEPARTMENT_ID) values (7560,'DUNCAN','SARAH','S',670,7506,to_date('1985.05.31','RRRR.MM.DD'),1250,null,23);
Insert into EMPLOYEE (EMPLOYEE_ID,LAST_NAME,FIRST_NAME,MIDDLE_INITIAL,JOB_ID,MANAGER_ID,HIRE_DATE,SALARY,COMMISSION,DEPARTMENT_ID) values (7564,'LANGE','GREGORY','J',670,7506,to_date('1985.06.01','RRRR.MM.DD'),1250,300,23);
Insert into EMPLOYEE (EMPLOYEE_ID,LAST_NAME,FIRST_NAME,MIDDLE_INITIAL,JOB_ID,MANAGER_ID,HIRE_DATE,SALARY,COMMISSION,DEPARTMENT_ID) values (7566,'JONES','TERRY','M',671,7839,to_date('1985.04.02','RRRR.MM.DD'),2975,null,20);
Insert into EMPLOYEE (EMPLOYEE_ID,LAST_NAME,FIRST_NAME,MIDDLE_INITIAL,JOB_ID,MANAGER_ID,HIRE_DATE,SALARY,COMMISSION,DEPARTMENT_ID) values (7569,'ALBERTS','CHRIS','L',671,7839,to_date('1985.04.06','RRRR.MM.DD'),3000,null,12);
Insert into EMPLOYEE (EMPLOYEE_ID,LAST_NAME,FIRST_NAME,MIDDLE_INITIAL,JOB_ID,MANAGER_ID,HIRE_DATE,SALARY,COMMISSION,DEPARTMENT_ID) values (7600,'PORTER','RAYMOND','Y',670,7505,to_date('1985.04.15','RRRR.MM.DD'),1250,900,13);
Insert into EMPLOYEE (EMPLOYEE_ID,LAST_NAME,FIRST_NAME,MIDDLE_INITIAL,JOB_ID,MANAGER_ID,HIRE_DATE,SALARY,COMMISSION,DEPARTMENT_ID) values (7609,'LEWIS','RICHARD','M',668,7507,to_date('1985.04.16','RRRR.MM.DD'),1800,null,24);
Insert into EMPLOYEE (EMPLOYEE_ID,LAST_NAME,FIRST_NAME,MIDDLE_INITIAL,JOB_ID,MANAGER_ID,HIRE_DATE,SALARY,COMMISSION,DEPARTMENT_ID) values (7654,'MARTIN','KENNETH','J',670,7698,to_date('1985.09.28','RRRR.MM.DD'),1250,1400,30);
Insert into EMPLOYEE (EMPLOYEE_ID,LAST_NAME,FIRST_NAME,MIDDLE_INITIAL,JOB_ID,MANAGER_ID,HIRE_DATE,SALARY,COMMISSION,DEPARTMENT_ID) values (7676,'SOMMERS','DENISE','D',668,7507,to_date('1985.04.19','RRRR.MM.DD'),1850,null,34);
Insert into EMPLOYEE (EMPLOYEE_ID,LAST_NAME,FIRST_NAME,MIDDLE_INITIAL,JOB_ID,MANAGER_ID,HIRE_DATE,SALARY,COMMISSION,DEPARTMENT_ID) values (7698,'BLAKE','MARION','S',671,7839,to_date('1985.05.01','RRRR.MM.DD'),2850,null,30);
Insert into EMPLOYEE (EMPLOYEE_ID,LAST_NAME,FIRST_NAME,MIDDLE_INITIAL,JOB_ID,MANAGER_ID,HIRE_DATE,SALARY,COMMISSION,DEPARTMENT_ID) values (7782,'CLARK','CAROL','F',671,7839,to_date('1985.06.09','RRRR.MM.DD'),2450,null,10);
Insert into EMPLOYEE (EMPLOYEE_ID,LAST_NAME,FIRST_NAME,MIDDLE_INITIAL,JOB_ID,MANAGER_ID,HIRE_DATE,SALARY,COMMISSION,DEPARTMENT_ID) values (7788,'SCOTT','DONALD','T',669,7566,to_date('1986.12.09','RRRR.MM.DD'),3000,null,20);
Insert into EMPLOYEE (EMPLOYEE_ID,LAST_NAME,FIRST_NAME,MIDDLE_INITIAL,JOB_ID,MANAGER_ID,HIRE_DATE,SALARY,COMMISSION,DEPARTMENT_ID) values (7789,'WEST','LIVIA','N',670,7506,to_date('1985.04.04','RRRR.MM.DD'),1500,1000,23);
Insert into EMPLOYEE (EMPLOYEE_ID,LAST_NAME,FIRST_NAME,MIDDLE_INITIAL,JOB_ID,MANAGER_ID,HIRE_DATE,SALARY,COMMISSION,DEPARTMENT_ID) values (7799,'FISHER','MATTHEW','G',669,7569,to_date('1986.12.12','RRRR.MM.DD'),3000,null,12);
Insert into EMPLOYEE (EMPLOYEE_ID,LAST_NAME,FIRST_NAME,MIDDLE_INITIAL,JOB_ID,MANAGER_ID,HIRE_DATE,SALARY,COMMISSION,DEPARTMENT_ID) values (7820,'ROSS','PAUL','S',670,7505,to_date('1985.06.01','RRRR.MM.DD'),1300,800,43);
Insert into EMPLOYEE (EMPLOYEE_ID,LAST_NAME,FIRST_NAME,MIDDLE_INITIAL,JOB_ID,MANAGER_ID,HIRE_DATE,SALARY,COMMISSION,DEPARTMENT_ID) values (7839,'KING','FRANCIS','A',672,null,to_date('1985.11.17','RRRR.MM.DD'),5000,null,10);
Insert into EMPLOYEE (EMPLOYEE_ID,LAST_NAME,FIRST_NAME,MIDDLE_INITIAL,JOB_ID,MANAGER_ID,HIRE_DATE,SALARY,COMMISSION,DEPARTMENT_ID) values (7844,'TURNER','MARY','A',670,7698,to_date('1985.09.08','RRRR.MM.DD'),1500,0,30);
Insert into EMPLOYEE (EMPLOYEE_ID,LAST_NAME,FIRST_NAME,MIDDLE_INITIAL,JOB_ID,MANAGER_ID,HIRE_DATE,SALARY,COMMISSION,DEPARTMENT_ID) values (7876,'ADAMS','DIANE','G',667,7788,to_date('1987.01.12','RRRR.MM.DD'),1100,null,20);
Insert into EMPLOYEE (EMPLOYEE_ID,LAST_NAME,FIRST_NAME,MIDDLE_INITIAL,JOB_ID,MANAGER_ID,HIRE_DATE,SALARY,COMMISSION,DEPARTMENT_ID) values (7900,'JAMES','FRED','S',667,7698,to_date('1985.12.03','RRRR.MM.DD'),950,null,30);
Insert into EMPLOYEE (EMPLOYEE_ID,LAST_NAME,FIRST_NAME,MIDDLE_INITIAL,JOB_ID,MANAGER_ID,HIRE_DATE,SALARY,COMMISSION,DEPARTMENT_ID) values (7902,'FORD','JENNIFER','D',669,7566,to_date('1985.12.03','RRRR.MM.DD'),3000,null,20);
Insert into EMPLOYEE (EMPLOYEE_ID,LAST_NAME,FIRST_NAME,MIDDLE_INITIAL,JOB_ID,MANAGER_ID,HIRE_DATE,SALARY,COMMISSION,DEPARTMENT_ID) values (7916,'ROBERTS','GRACE','M',669,7569,to_date('1987.01.04','RRRR.MM.DD'),2875,null,12);
Insert into EMPLOYEE (EMPLOYEE_ID,LAST_NAME,FIRST_NAME,MIDDLE_INITIAL,JOB_ID,MANAGER_ID,HIRE_DATE,SALARY,COMMISSION,DEPARTMENT_ID) values (7919,'DOUGLAS','MICHAEL','A',667,7799,to_date('1987.01.04','RRRR.MM.DD'),800,null,12);
Insert into EMPLOYEE (EMPLOYEE_ID,LAST_NAME,FIRST_NAME,MIDDLE_INITIAL,JOB_ID,MANAGER_ID,HIRE_DATE,SALARY,COMMISSION,DEPARTMENT_ID) values (7934,'MILLER','BARBARA','M',667,7782,to_date('1986.01.23','RRRR.MM.DD'),1300,null,10);
Insert into EMPLOYEE (EMPLOYEE_ID,LAST_NAME,FIRST_NAME,MIDDLE_INITIAL,JOB_ID,MANAGER_ID,HIRE_DATE,SALARY,COMMISSION,DEPARTMENT_ID) values (7950,'JENSEN','ALICE','B',667,7505,to_date('1987.01.15','RRRR.MM.DD'),750,null,13);
Insert into EMPLOYEE (EMPLOYEE_ID,LAST_NAME,FIRST_NAME,MIDDLE_INITIAL,JOB_ID,MANAGER_ID,HIRE_DATE,SALARY,COMMISSION,DEPARTMENT_ID) values (7954,'MURRAY','JAMES','T',667,7506,to_date('1987.01.16','RRRR.MM.DD'),750,null,23);

---------------------------------------------------
--   END DATA FOR TABLE EMPLOYEE
---------------------------------------------------

---------------------------------------------------
--   DATA FOR TABLE ITEM
--   FILTER = none used
---------------------------------------------------
-- INSERTING into ITEM
Insert into ITEM (ORDER_ID,ITEM_ID,PRODUCT_ID,ACTUAL_PRICE,QUANTITY,TOTAL) values (600,1,100861,42,1,42);
Insert into ITEM (ORDER_ID,ITEM_ID,PRODUCT_ID,ACTUAL_PRICE,QUANTITY,TOTAL) values (610,3,100890,58,1,58);
Insert into ITEM (ORDER_ID,ITEM_ID,PRODUCT_ID,ACTUAL_PRICE,QUANTITY,TOTAL) values (611,1,100861,45,1,45);
Insert into ITEM (ORDER_ID,ITEM_ID,PRODUCT_ID,ACTUAL_PRICE,QUANTITY,TOTAL) values (612,1,100860,30,100,3000);
Insert into ITEM (ORDER_ID,ITEM_ID,PRODUCT_ID,ACTUAL_PRICE,QUANTITY,TOTAL) values (601,1,200376,2,4,8);
Insert into ITEM (ORDER_ID,ITEM_ID,PRODUCT_ID,ACTUAL_PRICE,QUANTITY,TOTAL) values (601,2,100860,32,1,32);
Insert into ITEM (ORDER_ID,ITEM_ID,PRODUCT_ID,ACTUAL_PRICE,QUANTITY,TOTAL) values (602,1,100870,2,8,16);
Insert into ITEM (ORDER_ID,ITEM_ID,PRODUCT_ID,ACTUAL_PRICE,QUANTITY,TOTAL) values (604,1,100890,58,3,174);
Insert into ITEM (ORDER_ID,ITEM_ID,PRODUCT_ID,ACTUAL_PRICE,QUANTITY,TOTAL) values (604,2,100861,42,2,84);
Insert into ITEM (ORDER_ID,ITEM_ID,PRODUCT_ID,ACTUAL_PRICE,QUANTITY,TOTAL) values (604,3,100860,32,12,384);
Insert into ITEM (ORDER_ID,ITEM_ID,PRODUCT_ID,ACTUAL_PRICE,QUANTITY,TOTAL) values (603,1,100860,32,7,224);
Insert into ITEM (ORDER_ID,ITEM_ID,PRODUCT_ID,ACTUAL_PRICE,QUANTITY,TOTAL) values (610,1,100860,35,1,35);
Insert into ITEM (ORDER_ID,ITEM_ID,PRODUCT_ID,ACTUAL_PRICE,QUANTITY,TOTAL) values (610,2,100870,2,8,16);
Insert into ITEM (ORDER_ID,ITEM_ID,PRODUCT_ID,ACTUAL_PRICE,QUANTITY,TOTAL) values (613,4,200376,2.2,200,440);
Insert into ITEM (ORDER_ID,ITEM_ID,PRODUCT_ID,ACTUAL_PRICE,QUANTITY,TOTAL) values (614,1,100860,35,444,15540);
Insert into ITEM (ORDER_ID,ITEM_ID,PRODUCT_ID,ACTUAL_PRICE,QUANTITY,TOTAL) values (614,2,100870,2.8,1000,2800);
Insert into ITEM (ORDER_ID,ITEM_ID,PRODUCT_ID,ACTUAL_PRICE,QUANTITY,TOTAL) values (612,2,100861,40.5,20,810);
Insert into ITEM (ORDER_ID,ITEM_ID,PRODUCT_ID,ACTUAL_PRICE,QUANTITY,TOTAL) values (612,3,101863,10,150,1500);
Insert into ITEM (ORDER_ID,ITEM_ID,PRODUCT_ID,ACTUAL_PRICE,QUANTITY,TOTAL) values (620,1,100860,35,10,350);
Insert into ITEM (ORDER_ID,ITEM_ID,PRODUCT_ID,ACTUAL_PRICE,QUANTITY,TOTAL) values (620,2,200376,2.4,1000,2400);
Insert into ITEM (ORDER_ID,ITEM_ID,PRODUCT_ID,ACTUAL_PRICE,QUANTITY,TOTAL) values (620,3,102130,3.4,500,1700);
Insert into ITEM (ORDER_ID,ITEM_ID,PRODUCT_ID,ACTUAL_PRICE,QUANTITY,TOTAL) values (613,1,100871,5.6,100,560);
Insert into ITEM (ORDER_ID,ITEM_ID,PRODUCT_ID,ACTUAL_PRICE,QUANTITY,TOTAL) values (613,2,101860,24,200,4800);
Insert into ITEM (ORDER_ID,ITEM_ID,PRODUCT_ID,ACTUAL_PRICE,QUANTITY,TOTAL) values (613,3,200380,4,150,600);
Insert into ITEM (ORDER_ID,ITEM_ID,PRODUCT_ID,ACTUAL_PRICE,QUANTITY,TOTAL) values (619,3,102130,3.4,100,340);
Insert into ITEM (ORDER_ID,ITEM_ID,PRODUCT_ID,ACTUAL_PRICE,QUANTITY,TOTAL) values (617,1,100860,35,50,1750);
Insert into ITEM (ORDER_ID,ITEM_ID,PRODUCT_ID,ACTUAL_PRICE,QUANTITY,TOTAL) values (617,2,100861,45,100,4500);
Insert into ITEM (ORDER_ID,ITEM_ID,PRODUCT_ID,ACTUAL_PRICE,QUANTITY,TOTAL) values (614,3,100871,5.6,1000,5600);
Insert into ITEM (ORDER_ID,ITEM_ID,PRODUCT_ID,ACTUAL_PRICE,QUANTITY,TOTAL) values (616,1,100861,45,10,450);
Insert into ITEM (ORDER_ID,ITEM_ID,PRODUCT_ID,ACTUAL_PRICE,QUANTITY,TOTAL) values (616,2,100870,2.8,50,140);
Insert into ITEM (ORDER_ID,ITEM_ID,PRODUCT_ID,ACTUAL_PRICE,QUANTITY,TOTAL) values (616,3,100890,58,2,116);
Insert into ITEM (ORDER_ID,ITEM_ID,PRODUCT_ID,ACTUAL_PRICE,QUANTITY,TOTAL) values (616,4,102130,3.4,10,34);
Insert into ITEM (ORDER_ID,ITEM_ID,PRODUCT_ID,ACTUAL_PRICE,QUANTITY,TOTAL) values (616,5,200376,2.4,10,24);
Insert into ITEM (ORDER_ID,ITEM_ID,PRODUCT_ID,ACTUAL_PRICE,QUANTITY,TOTAL) values (619,1,200380,4,100,400);
Insert into ITEM (ORDER_ID,ITEM_ID,PRODUCT_ID,ACTUAL_PRICE,QUANTITY,TOTAL) values (619,2,200376,2.4,100,240);
Insert into ITEM (ORDER_ID,ITEM_ID,PRODUCT_ID,ACTUAL_PRICE,QUANTITY,TOTAL) values (615,1,100861,45,4,180);
Insert into ITEM (ORDER_ID,ITEM_ID,PRODUCT_ID,ACTUAL_PRICE,QUANTITY,TOTAL) values (607,1,100871,5.6,1.5,6);
Insert into ITEM (ORDER_ID,ITEM_ID,PRODUCT_ID,ACTUAL_PRICE,QUANTITY,TOTAL) values (615,2,100870,2.8,100,280);
Insert into ITEM (ORDER_ID,ITEM_ID,PRODUCT_ID,ACTUAL_PRICE,QUANTITY,TOTAL) values (617,3,100870,2.8,500,1400);
Insert into ITEM (ORDER_ID,ITEM_ID,PRODUCT_ID,ACTUAL_PRICE,QUANTITY,TOTAL) values (617,4,100871,5.6,500,2800);
Insert into ITEM (ORDER_ID,ITEM_ID,PRODUCT_ID,ACTUAL_PRICE,QUANTITY,TOTAL) values (617,5,100890,58,500,29000);
Insert into ITEM (ORDER_ID,ITEM_ID,PRODUCT_ID,ACTUAL_PRICE,QUANTITY,TOTAL) values (617,6,101860,24,100,2400);
Insert into ITEM (ORDER_ID,ITEM_ID,PRODUCT_ID,ACTUAL_PRICE,QUANTITY,TOTAL) values (617,7,101863,12.5,200,2500);
Insert into ITEM (ORDER_ID,ITEM_ID,PRODUCT_ID,ACTUAL_PRICE,QUANTITY,TOTAL) values (617,8,102130,3.4,100,340);
Insert into ITEM (ORDER_ID,ITEM_ID,PRODUCT_ID,ACTUAL_PRICE,QUANTITY,TOTAL) values (617,9,200376,2.4,200,480);
Insert into ITEM (ORDER_ID,ITEM_ID,PRODUCT_ID,ACTUAL_PRICE,QUANTITY,TOTAL) values (617,10,200380,4,300,1200);
Insert into ITEM (ORDER_ID,ITEM_ID,PRODUCT_ID,ACTUAL_PRICE,QUANTITY,TOTAL) values (609,2,100870,2.5,5.12,5);
Insert into ITEM (ORDER_ID,ITEM_ID,PRODUCT_ID,ACTUAL_PRICE,QUANTITY,TOTAL) values (609,3,100890,50,1,50);
Insert into ITEM (ORDER_ID,ITEM_ID,PRODUCT_ID,ACTUAL_PRICE,QUANTITY,TOTAL) values (618,1,100860,35,23,805);
Insert into ITEM (ORDER_ID,ITEM_ID,PRODUCT_ID,ACTUAL_PRICE,QUANTITY,TOTAL) values (618,2,100861,45,50,2250);
Insert into ITEM (ORDER_ID,ITEM_ID,PRODUCT_ID,ACTUAL_PRICE,QUANTITY,TOTAL) values (618,3,100870,2.8,10,28);
Insert into ITEM (ORDER_ID,ITEM_ID,PRODUCT_ID,ACTUAL_PRICE,QUANTITY,TOTAL) values (621,1,100861,45,10,450);
Insert into ITEM (ORDER_ID,ITEM_ID,PRODUCT_ID,ACTUAL_PRICE,QUANTITY,TOTAL) values (621,2,100870,2.8,100,280);
Insert into ITEM (ORDER_ID,ITEM_ID,PRODUCT_ID,ACTUAL_PRICE,QUANTITY,TOTAL) values (615,3,100871,5,50,250);
Insert into ITEM (ORDER_ID,ITEM_ID,PRODUCT_ID,ACTUAL_PRICE,QUANTITY,TOTAL) values (608,1,101860,24,1,24);
Insert into ITEM (ORDER_ID,ITEM_ID,PRODUCT_ID,ACTUAL_PRICE,QUANTITY,TOTAL) values (608,2,100871,5.6,2.11,2);
Insert into ITEM (ORDER_ID,ITEM_ID,PRODUCT_ID,ACTUAL_PRICE,QUANTITY,TOTAL) values (609,1,100861,40,1,40);
Insert into ITEM (ORDER_ID,ITEM_ID,PRODUCT_ID,ACTUAL_PRICE,QUANTITY,TOTAL) values (606,1,102130,3.4,1.3,4);
Insert into ITEM (ORDER_ID,ITEM_ID,PRODUCT_ID,ACTUAL_PRICE,QUANTITY,TOTAL) values (605,1,100861,45,100,4500);
Insert into ITEM (ORDER_ID,ITEM_ID,PRODUCT_ID,ACTUAL_PRICE,QUANTITY,TOTAL) values (605,2,100870,2.8,500,1400);
Insert into ITEM (ORDER_ID,ITEM_ID,PRODUCT_ID,ACTUAL_PRICE,QUANTITY,TOTAL) values (605,3,100890,58,5,290);
Insert into ITEM (ORDER_ID,ITEM_ID,PRODUCT_ID,ACTUAL_PRICE,QUANTITY,TOTAL) values (605,4,101860,24,50,1200);
Insert into ITEM (ORDER_ID,ITEM_ID,PRODUCT_ID,ACTUAL_PRICE,QUANTITY,TOTAL) values (605,5,101863,9.5,100,950);
Insert into ITEM (ORDER_ID,ITEM_ID,PRODUCT_ID,ACTUAL_PRICE,QUANTITY,TOTAL) values (605,6,102130,3.4,10,34);
Insert into ITEM (ORDER_ID,ITEM_ID,PRODUCT_ID,ACTUAL_PRICE,QUANTITY,TOTAL) values (612,4,100871,5.5,100,550);
Insert into ITEM (ORDER_ID,ITEM_ID,PRODUCT_ID,ACTUAL_PRICE,QUANTITY,TOTAL) values (619,4,100871,5.6,50,280);
Insert into ITEM (ORDER_ID,ITEM_ID,PRODUCT_ID,ACTUAL_PRICE,QUANTITY,TOTAL) values (509,1,105123,35,30,1050);
Insert into ITEM (ORDER_ID,ITEM_ID,PRODUCT_ID,ACTUAL_PRICE,QUANTITY,TOTAL) values (509,2,105124,9,10,90);
Insert into ITEM (ORDER_ID,ITEM_ID,PRODUCT_ID,ACTUAL_PRICE,QUANTITY,TOTAL) values (509,3,102136,3.4,10,34);
Insert into ITEM (ORDER_ID,ITEM_ID,PRODUCT_ID,ACTUAL_PRICE,QUANTITY,TOTAL) values (523,1,102136,3.4,10,34);
Insert into ITEM (ORDER_ID,ITEM_ID,PRODUCT_ID,ACTUAL_PRICE,QUANTITY,TOTAL) values (523,2,105123,37.7,30,1131);
Insert into ITEM (ORDER_ID,ITEM_ID,PRODUCT_ID,ACTUAL_PRICE,QUANTITY,TOTAL) values (549,1,105123,38,5,190);
Insert into ITEM (ORDER_ID,ITEM_ID,PRODUCT_ID,ACTUAL_PRICE,QUANTITY,TOTAL) values (549,2,105127,6,30,180);
Insert into ITEM (ORDER_ID,ITEM_ID,PRODUCT_ID,ACTUAL_PRICE,QUANTITY,TOTAL) values (549,3,105125,3,200,600);
Insert into ITEM (ORDER_ID,ITEM_ID,PRODUCT_ID,ACTUAL_PRICE,QUANTITY,TOTAL) values (549,4,105124,13,50,650);
Insert into ITEM (ORDER_ID,ITEM_ID,PRODUCT_ID,ACTUAL_PRICE,QUANTITY,TOTAL) values (507,1,105123,35.3,20,706);
Insert into ITEM (ORDER_ID,ITEM_ID,PRODUCT_ID,ACTUAL_PRICE,QUANTITY,TOTAL) values (507,2,105124,9,20,180);
Insert into ITEM (ORDER_ID,ITEM_ID,PRODUCT_ID,ACTUAL_PRICE,QUANTITY,TOTAL) values (516,1,105124,9,60,540);
Insert into ITEM (ORDER_ID,ITEM_ID,PRODUCT_ID,ACTUAL_PRICE,QUANTITY,TOTAL) values (516,2,102136,3.2,250,800);
Insert into ITEM (ORDER_ID,ITEM_ID,PRODUCT_ID,ACTUAL_PRICE,QUANTITY,TOTAL) values (516,3,105125,1.9,250,475);
Insert into ITEM (ORDER_ID,ITEM_ID,PRODUCT_ID,ACTUAL_PRICE,QUANTITY,TOTAL) values (553,1,105127,6,500,3000);
Insert into ITEM (ORDER_ID,ITEM_ID,PRODUCT_ID,ACTUAL_PRICE,QUANTITY,TOTAL) values (553,2,200376,1.75,800,1400);
Insert into ITEM (ORDER_ID,ITEM_ID,PRODUCT_ID,ACTUAL_PRICE,QUANTITY,TOTAL) values (526,1,105123,32,100,3200);
Insert into ITEM (ORDER_ID,ITEM_ID,PRODUCT_ID,ACTUAL_PRICE,QUANTITY,TOTAL) values (526,2,105124,9,500,4500);
Insert into ITEM (ORDER_ID,ITEM_ID,PRODUCT_ID,ACTUAL_PRICE,QUANTITY,TOTAL) values (543,1,105123,34,100,3400);
Insert into ITEM (ORDER_ID,ITEM_ID,PRODUCT_ID,ACTUAL_PRICE,QUANTITY,TOTAL) values (543,2,105124,10,500,5000);
Insert into ITEM (ORDER_ID,ITEM_ID,PRODUCT_ID,ACTUAL_PRICE,QUANTITY,TOTAL) values (555,1,105123,34,100,3400);
Insert into ITEM (ORDER_ID,ITEM_ID,PRODUCT_ID,ACTUAL_PRICE,QUANTITY,TOTAL) values (555,2,105124,10,500,5000);
Insert into ITEM (ORDER_ID,ITEM_ID,PRODUCT_ID,ACTUAL_PRICE,QUANTITY,TOTAL) values (555,3,102136,2.8,50,140);
Insert into ITEM (ORDER_ID,ITEM_ID,PRODUCT_ID,ACTUAL_PRICE,QUANTITY,TOTAL) values (559,1,105123,40,5,200);
Insert into ITEM (ORDER_ID,ITEM_ID,PRODUCT_ID,ACTUAL_PRICE,QUANTITY,TOTAL) values (559,2,105124,15,5,75);
Insert into ITEM (ORDER_ID,ITEM_ID,PRODUCT_ID,ACTUAL_PRICE,QUANTITY,TOTAL) values (559,3,105127,6,5,30);
Insert into ITEM (ORDER_ID,ITEM_ID,PRODUCT_ID,ACTUAL_PRICE,QUANTITY,TOTAL) values (559,4,102136,3.4,3.10,2);
Insert into ITEM (ORDER_ID,ITEM_ID,PRODUCT_ID,ACTUAL_PRICE,QUANTITY,TOTAL) values (559,5,200376,2.4,30,72);
Insert into ITEM (ORDER_ID,ITEM_ID,PRODUCT_ID,ACTUAL_PRICE,QUANTITY,TOTAL) values (528,1,105123,37.7,100,3770);
Insert into ITEM (ORDER_ID,ITEM_ID,PRODUCT_ID,ACTUAL_PRICE,QUANTITY,TOTAL) values (531,1,105124,11,100,1100);
Insert into ITEM (ORDER_ID,ITEM_ID,PRODUCT_ID,ACTUAL_PRICE,QUANTITY,TOTAL) values (531,2,102136,3,100,300);
Insert into ITEM (ORDER_ID,ITEM_ID,PRODUCT_ID,ACTUAL_PRICE,QUANTITY,TOTAL) values (558,1,105124,14,100,1400);
Insert into ITEM (ORDER_ID,ITEM_ID,PRODUCT_ID,ACTUAL_PRICE,QUANTITY,TOTAL) values (558,2,102136,3,100,300);
Insert into ITEM (ORDER_ID,ITEM_ID,PRODUCT_ID,ACTUAL_PRICE,QUANTITY,TOTAL) values (525,1,105123,37.7,10,377);
Insert into ITEM (ORDER_ID,ITEM_ID,PRODUCT_ID,ACTUAL_PRICE,QUANTITY,TOTAL) values (552,1,105123,40,10,400);
Insert into ITEM (ORDER_ID,ITEM_ID,PRODUCT_ID,ACTUAL_PRICE,QUANTITY,TOTAL) values (552,2,105124,15,10,150);
Insert into ITEM (ORDER_ID,ITEM_ID,PRODUCT_ID,ACTUAL_PRICE,QUANTITY,TOTAL) values (552,3,102136,3.4,1.3,4);
Insert into ITEM (ORDER_ID,ITEM_ID,PRODUCT_ID,ACTUAL_PRICE,QUANTITY,TOTAL) values (552,4,200376,2.4,1.2,4);
Insert into ITEM (ORDER_ID,ITEM_ID,PRODUCT_ID,ACTUAL_PRICE,QUANTITY,TOTAL) values (556,1,102136,3.4,25,85);
Insert into ITEM (ORDER_ID,ITEM_ID,PRODUCT_ID,ACTUAL_PRICE,QUANTITY,TOTAL) values (560,1,200376,2.4,30,72);
Insert into ITEM (ORDER_ID,ITEM_ID,PRODUCT_ID,ACTUAL_PRICE,QUANTITY,TOTAL) values (565,1,105123,37,100,3700);
Insert into ITEM (ORDER_ID,ITEM_ID,PRODUCT_ID,ACTUAL_PRICE,QUANTITY,TOTAL) values (565,2,105124,12,100,1200);
Insert into ITEM (ORDER_ID,ITEM_ID,PRODUCT_ID,ACTUAL_PRICE,QUANTITY,TOTAL) values (574,1,104350,41.8,25,1045);
Insert into ITEM (ORDER_ID,ITEM_ID,PRODUCT_ID,ACTUAL_PRICE,QUANTITY,TOTAL) values (574,2,200380,3.2,200,640);
Insert into ITEM (ORDER_ID,ITEM_ID,PRODUCT_ID,ACTUAL_PRICE,QUANTITY,TOTAL) values (576,1,104350,44,10,440);
Insert into ITEM (ORDER_ID,ITEM_ID,PRODUCT_ID,ACTUAL_PRICE,QUANTITY,TOTAL) values (576,2,104351,26,10,260);
Insert into ITEM (ORDER_ID,ITEM_ID,PRODUCT_ID,ACTUAL_PRICE,QUANTITY,TOTAL) values (576,3,104362,4.25,170.722,5);
Insert into ITEM (ORDER_ID,ITEM_ID,PRODUCT_ID,ACTUAL_PRICE,QUANTITY,TOTAL) values (576,4,200376,2.16,90.194,4);
Insert into ITEM (ORDER_ID,ITEM_ID,PRODUCT_ID,ACTUAL_PRICE,QUANTITY,TOTAL) values (576,5,200380,3.4,130,442);
Insert into ITEM (ORDER_ID,ITEM_ID,PRODUCT_ID,ACTUAL_PRICE,QUANTITY,TOTAL) values (503,1,104350,38,30,1140);
Insert into ITEM (ORDER_ID,ITEM_ID,PRODUCT_ID,ACTUAL_PRICE,QUANTITY,TOTAL) values (503,2,104351,23.6,10,236);
Insert into ITEM (ORDER_ID,ITEM_ID,PRODUCT_ID,ACTUAL_PRICE,QUANTITY,TOTAL) values (503,3,104352,50,10,500);
Insert into ITEM (ORDER_ID,ITEM_ID,PRODUCT_ID,ACTUAL_PRICE,QUANTITY,TOTAL) values (518,1,104350,38,25,950);
Insert into ITEM (ORDER_ID,ITEM_ID,PRODUCT_ID,ACTUAL_PRICE,QUANTITY,TOTAL) values (518,2,104351,23.6,20,472);
Insert into ITEM (ORDER_ID,ITEM_ID,PRODUCT_ID,ACTUAL_PRICE,QUANTITY,TOTAL) values (518,3,104360,36,20,720);
Insert into ITEM (ORDER_ID,ITEM_ID,PRODUCT_ID,ACTUAL_PRICE,QUANTITY,TOTAL) values (518,4,104362,4.25,170.722,5);
Insert into ITEM (ORDER_ID,ITEM_ID,PRODUCT_ID,ACTUAL_PRICE,QUANTITY,TOTAL) values (518,5,102134,3.4,20,68);
Insert into ITEM (ORDER_ID,ITEM_ID,PRODUCT_ID,ACTUAL_PRICE,QUANTITY,TOTAL) values (517,1,104352,50,15,750);
Insert into ITEM (ORDER_ID,ITEM_ID,PRODUCT_ID,ACTUAL_PRICE,QUANTITY,TOTAL) values (517,2,102134,3.4,10,34);
Insert into ITEM (ORDER_ID,ITEM_ID,PRODUCT_ID,ACTUAL_PRICE,QUANTITY,TOTAL) values (544,1,104350,44,15,660);
Insert into ITEM (ORDER_ID,ITEM_ID,PRODUCT_ID,ACTUAL_PRICE,QUANTITY,TOTAL) values (544,2,104351,26,15,390);
Insert into ITEM (ORDER_ID,ITEM_ID,PRODUCT_ID,ACTUAL_PRICE,QUANTITY,TOTAL) values (544,3,104352,58.3,10,583);
Insert into ITEM (ORDER_ID,ITEM_ID,PRODUCT_ID,ACTUAL_PRICE,QUANTITY,TOTAL) values (544,4,104361,50,10,500);
Insert into ITEM (ORDER_ID,ITEM_ID,PRODUCT_ID,ACTUAL_PRICE,QUANTITY,TOTAL) values (544,5,104362,4.5,50,225);
Insert into ITEM (ORDER_ID,ITEM_ID,PRODUCT_ID,ACTUAL_PRICE,QUANTITY,TOTAL) values (524,1,104350,42,10,420);
Insert into ITEM (ORDER_ID,ITEM_ID,PRODUCT_ID,ACTUAL_PRICE,QUANTITY,TOTAL) values (524,2,104351,23.56,35.824,6);
Insert into ITEM (ORDER_ID,ITEM_ID,PRODUCT_ID,ACTUAL_PRICE,QUANTITY,TOTAL) values (524,3,104362,4.25,150.637,5);
Insert into ITEM (ORDER_ID,ITEM_ID,PRODUCT_ID,ACTUAL_PRICE,QUANTITY,TOTAL) values (524,4,102134,3.23,30.96,9);
Insert into ITEM (ORDER_ID,ITEM_ID,PRODUCT_ID,ACTUAL_PRICE,QUANTITY,TOTAL) values (502,1,104352,50,10,500);
Insert into ITEM (ORDER_ID,ITEM_ID,PRODUCT_ID,ACTUAL_PRICE,QUANTITY,TOTAL) values (539,1,104351,26,20,520);
Insert into ITEM (ORDER_ID,ITEM_ID,PRODUCT_ID,ACTUAL_PRICE,QUANTITY,TOTAL) values (539,2,104360,39,20,780);
Insert into ITEM (ORDER_ID,ITEM_ID,PRODUCT_ID,ACTUAL_PRICE,QUANTITY,TOTAL) values (511,1,104351,23.6,15,354);
Insert into ITEM (ORDER_ID,ITEM_ID,PRODUCT_ID,ACTUAL_PRICE,QUANTITY,TOTAL) values (511,2,104362,4.5,50,225);
Insert into ITEM (ORDER_ID,ITEM_ID,PRODUCT_ID,ACTUAL_PRICE,QUANTITY,TOTAL) values (511,3,102134,3.4,20,68);
Insert into ITEM (ORDER_ID,ITEM_ID,PRODUCT_ID,ACTUAL_PRICE,QUANTITY,TOTAL) values (512,1,104360,36,10,360);
Insert into ITEM (ORDER_ID,ITEM_ID,PRODUCT_ID,ACTUAL_PRICE,QUANTITY,TOTAL) values (512,2,102134,3.4,20,68);
Insert into ITEM (ORDER_ID,ITEM_ID,PRODUCT_ID,ACTUAL_PRICE,QUANTITY,TOTAL) values (562,1,104351,24.7,25.617,5);
Insert into ITEM (ORDER_ID,ITEM_ID,PRODUCT_ID,ACTUAL_PRICE,QUANTITY,TOTAL) values (562,2,104352,58.3,15.874,5);
Insert into ITEM (ORDER_ID,ITEM_ID,PRODUCT_ID,ACTUAL_PRICE,QUANTITY,TOTAL) values (562,3,104362,4.25,130.552,5);
Insert into ITEM (ORDER_ID,ITEM_ID,PRODUCT_ID,ACTUAL_PRICE,QUANTITY,TOTAL) values (529,1,104350,39.89,30.1196,7);
Insert into ITEM (ORDER_ID,ITEM_ID,PRODUCT_ID,ACTUAL_PRICE,QUANTITY,TOTAL) values (529,2,102134,3.4,20,68);
Insert into ITEM (ORDER_ID,ITEM_ID,PRODUCT_ID,ACTUAL_PRICE,QUANTITY,TOTAL) values (563,1,104352,58.3,10,583);
Insert into ITEM (ORDER_ID,ITEM_ID,PRODUCT_ID,ACTUAL_PRICE,QUANTITY,TOTAL) values (563,2,200376,2.04,150,306);
Insert into ITEM (ORDER_ID,ITEM_ID,PRODUCT_ID,ACTUAL_PRICE,QUANTITY,TOTAL) values (568,1,104351,24.7,30,741);
Insert into ITEM (ORDER_ID,ITEM_ID,PRODUCT_ID,ACTUAL_PRICE,QUANTITY,TOTAL) values (568,2,200376,2.04,110.224,4);
Insert into ITEM (ORDER_ID,ITEM_ID,PRODUCT_ID,ACTUAL_PRICE,QUANTITY,TOTAL) values (568,3,200380,3.6,70,252);
Insert into ITEM (ORDER_ID,ITEM_ID,PRODUCT_ID,ACTUAL_PRICE,QUANTITY,TOTAL) values (504,1,104350,40,10,400);
Insert into ITEM (ORDER_ID,ITEM_ID,PRODUCT_ID,ACTUAL_PRICE,QUANTITY,TOTAL) values (504,2,104351,22.42,35.784,7);
Insert into ITEM (ORDER_ID,ITEM_ID,PRODUCT_ID,ACTUAL_PRICE,QUANTITY,TOTAL) values (504,3,104352,50,5,250);
Insert into ITEM (ORDER_ID,ITEM_ID,PRODUCT_ID,ACTUAL_PRICE,QUANTITY,TOTAL) values (538,1,104351,24.7,30,741);
Insert into ITEM (ORDER_ID,ITEM_ID,PRODUCT_ID,ACTUAL_PRICE,QUANTITY,TOTAL) values (535,1,104352,54,15,810);
Insert into ITEM (ORDER_ID,ITEM_ID,PRODUCT_ID,ACTUAL_PRICE,QUANTITY,TOTAL) values (578,1,104350,41.8,40,1672);
Insert into ITEM (ORDER_ID,ITEM_ID,PRODUCT_ID,ACTUAL_PRICE,QUANTITY,TOTAL) values (578,2,200376,2.04,190.387,6);
Insert into ITEM (ORDER_ID,ITEM_ID,PRODUCT_ID,ACTUAL_PRICE,QUANTITY,TOTAL) values (578,3,200380,3.6,60,216);
Insert into ITEM (ORDER_ID,ITEM_ID,PRODUCT_ID,ACTUAL_PRICE,QUANTITY,TOTAL) values (534,1,104350,42,10,420);
Insert into ITEM (ORDER_ID,ITEM_ID,PRODUCT_ID,ACTUAL_PRICE,QUANTITY,TOTAL) values (536,1,104350,39.89,40.1595,6);
Insert into ITEM (ORDER_ID,ITEM_ID,PRODUCT_ID,ACTUAL_PRICE,QUANTITY,TOTAL) values (536,2,104352,54,10,540);
Insert into ITEM (ORDER_ID,ITEM_ID,PRODUCT_ID,ACTUAL_PRICE,QUANTITY,TOTAL) values (572,1,104351,24.7,25.617,5);
Insert into ITEM (ORDER_ID,ITEM_ID,PRODUCT_ID,ACTUAL_PRICE,QUANTITY,TOTAL) values (572,2,104352,58.3,10,583);
Insert into ITEM (ORDER_ID,ITEM_ID,PRODUCT_ID,ACTUAL_PRICE,QUANTITY,TOTAL) values (514,1,104350,38,30,1140);
Insert into ITEM (ORDER_ID,ITEM_ID,PRODUCT_ID,ACTUAL_PRICE,QUANTITY,TOTAL) values (521,1,104350,40,20,800);
Insert into ITEM (ORDER_ID,ITEM_ID,PRODUCT_ID,ACTUAL_PRICE,QUANTITY,TOTAL) values (521,2,102134,3.23,30.96,9);
Insert into ITEM (ORDER_ID,ITEM_ID,PRODUCT_ID,ACTUAL_PRICE,QUANTITY,TOTAL) values (551,1,104350,44,10,440);
Insert into ITEM (ORDER_ID,ITEM_ID,PRODUCT_ID,ACTUAL_PRICE,QUANTITY,TOTAL) values (551,2,104361,50,5,250);
Insert into ITEM (ORDER_ID,ITEM_ID,PRODUCT_ID,ACTUAL_PRICE,QUANTITY,TOTAL) values (551,3,102134,3.4,20,68);
Insert into ITEM (ORDER_ID,ITEM_ID,PRODUCT_ID,ACTUAL_PRICE,QUANTITY,TOTAL) values (551,4,200376,1.92,200,384);
Insert into ITEM (ORDER_ID,ITEM_ID,PRODUCT_ID,ACTUAL_PRICE,QUANTITY,TOTAL) values (513,1,104350,40,15,600);
Insert into ITEM (ORDER_ID,ITEM_ID,PRODUCT_ID,ACTUAL_PRICE,QUANTITY,TOTAL) values (513,2,104351,23.6,20,472);
Insert into ITEM (ORDER_ID,ITEM_ID,PRODUCT_ID,ACTUAL_PRICE,QUANTITY,TOTAL) values (513,3,104362,4.25,100,425);
Insert into ITEM (ORDER_ID,ITEM_ID,PRODUCT_ID,ACTUAL_PRICE,QUANTITY,TOTAL) values (508,1,104360,36,20,720);
Insert into ITEM (ORDER_ID,ITEM_ID,PRODUCT_ID,ACTUAL_PRICE,QUANTITY,TOTAL) values (508,2,104362,4.5,80,360);
Insert into ITEM (ORDER_ID,ITEM_ID,PRODUCT_ID,ACTUAL_PRICE,QUANTITY,TOTAL) values (515,1,104350,40,20,800);
Insert into ITEM (ORDER_ID,ITEM_ID,PRODUCT_ID,ACTUAL_PRICE,QUANTITY,TOTAL) values (515,2,104351,22.42,25.560,5);
Insert into ITEM (ORDER_ID,ITEM_ID,PRODUCT_ID,ACTUAL_PRICE,QUANTITY,TOTAL) values (515,3,102134,3.4,20,68);
Insert into ITEM (ORDER_ID,ITEM_ID,PRODUCT_ID,ACTUAL_PRICE,QUANTITY,TOTAL) values (542,1,104350,41.8,25,1045);
Insert into ITEM (ORDER_ID,ITEM_ID,PRODUCT_ID,ACTUAL_PRICE,QUANTITY,TOTAL) values (542,2,104360,39,20,780);
Insert into ITEM (ORDER_ID,ITEM_ID,PRODUCT_ID,ACTUAL_PRICE,QUANTITY,TOTAL) values (542,3,104361,50,11,550);
Insert into ITEM (ORDER_ID,ITEM_ID,PRODUCT_ID,ACTUAL_PRICE,QUANTITY,TOTAL) values (542,4,102134,3.4,10,34);
Insert into ITEM (ORDER_ID,ITEM_ID,PRODUCT_ID,ACTUAL_PRICE,QUANTITY,TOTAL) values (573,1,103120,22.5,50,1125);
Insert into ITEM (ORDER_ID,ITEM_ID,PRODUCT_ID,ACTUAL_PRICE,QUANTITY,TOTAL) values (573,2,103131,4.04,50,202);
Insert into ITEM (ORDER_ID,ITEM_ID,PRODUCT_ID,ACTUAL_PRICE,QUANTITY,TOTAL) values (573,3,103141,20,15,300);
Insert into ITEM (ORDER_ID,ITEM_ID,PRODUCT_ID,ACTUAL_PRICE,QUANTITY,TOTAL) values (566,1,103120,23.75,40,950);
Insert into ITEM (ORDER_ID,ITEM_ID,PRODUCT_ID,ACTUAL_PRICE,QUANTITY,TOTAL) values (566,2,103121,27,50,1350);
Insert into ITEM (ORDER_ID,ITEM_ID,PRODUCT_ID,ACTUAL_PRICE,QUANTITY,TOTAL) values (566,3,103130,3.77,60.226,2);
Insert into ITEM (ORDER_ID,ITEM_ID,PRODUCT_ID,ACTUAL_PRICE,QUANTITY,TOTAL) values (566,4,103131,3.9,170,663);
Insert into ITEM (ORDER_ID,ITEM_ID,PRODUCT_ID,ACTUAL_PRICE,QUANTITY,TOTAL) values (566,5,103141,20,10,200);
Insert into ITEM (ORDER_ID,ITEM_ID,PRODUCT_ID,ACTUAL_PRICE,QUANTITY,TOTAL) values (520,1,103130,4,10,40);
Insert into ITEM (ORDER_ID,ITEM_ID,PRODUCT_ID,ACTUAL_PRICE,QUANTITY,TOTAL) values (520,2,103131,3.77,80.301,6);
Insert into ITEM (ORDER_ID,ITEM_ID,PRODUCT_ID,ACTUAL_PRICE,QUANTITY,TOTAL) values (519,1,103130,3.5,110,385);
Insert into ITEM (ORDER_ID,ITEM_ID,PRODUCT_ID,ACTUAL_PRICE,QUANTITY,TOTAL) values (519,2,103140,19,30,570);
Insert into ITEM (ORDER_ID,ITEM_ID,PRODUCT_ID,ACTUAL_PRICE,QUANTITY,TOTAL) values (575,1,103140,19,30,570);
Insert into ITEM (ORDER_ID,ITEM_ID,PRODUCT_ID,ACTUAL_PRICE,QUANTITY,TOTAL) values (575,2,200380,3.8,30,114);
Insert into ITEM (ORDER_ID,ITEM_ID,PRODUCT_ID,ACTUAL_PRICE,QUANTITY,TOTAL) values (547,1,103130,3.77,80.301,6);
Insert into ITEM (ORDER_ID,ITEM_ID,PRODUCT_ID,ACTUAL_PRICE,QUANTITY,TOTAL) values (547,2,103131,4.04,70.282,8);
Insert into ITEM (ORDER_ID,ITEM_ID,PRODUCT_ID,ACTUAL_PRICE,QUANTITY,TOTAL) values (547,3,103140,20,15,300);
Insert into ITEM (ORDER_ID,ITEM_ID,PRODUCT_ID,ACTUAL_PRICE,QUANTITY,TOTAL) values (547,4,103141,20,5,100);
Insert into ITEM (ORDER_ID,ITEM_ID,PRODUCT_ID,ACTUAL_PRICE,QUANTITY,TOTAL) values (540,1,103130,3.98,40.159,2);
Insert into ITEM (ORDER_ID,ITEM_ID,PRODUCT_ID,ACTUAL_PRICE,QUANTITY,TOTAL) values (540,2,103131,3.9,180,702);
Insert into ITEM (ORDER_ID,ITEM_ID,PRODUCT_ID,ACTUAL_PRICE,QUANTITY,TOTAL) values (567,1,103140,20,10,200);
Insert into ITEM (ORDER_ID,ITEM_ID,PRODUCT_ID,ACTUAL_PRICE,QUANTITY,TOTAL) values (570,1,103131,4.04,90.363,6);
Insert into ITEM (ORDER_ID,ITEM_ID,PRODUCT_ID,ACTUAL_PRICE,QUANTITY,TOTAL) values (570,2,103140,20,15,300);
Insert into ITEM (ORDER_ID,ITEM_ID,PRODUCT_ID,ACTUAL_PRICE,QUANTITY,TOTAL) values (571,1,103131,4.04,70.282,8);
Insert into ITEM (ORDER_ID,ITEM_ID,PRODUCT_ID,ACTUAL_PRICE,QUANTITY,TOTAL) values (571,2,103140,19,25,475);
Insert into ITEM (ORDER_ID,ITEM_ID,PRODUCT_ID,ACTUAL_PRICE,QUANTITY,TOTAL) values (571,3,102132,3.4,15,51);
Insert into ITEM (ORDER_ID,ITEM_ID,PRODUCT_ID,ACTUAL_PRICE,QUANTITY,TOTAL) values (571,4,200376,2.16,80.172,8);
Insert into ITEM (ORDER_ID,ITEM_ID,PRODUCT_ID,ACTUAL_PRICE,QUANTITY,TOTAL) values (571,5,200380,3.8,30,114);
Insert into ITEM (ORDER_ID,ITEM_ID,PRODUCT_ID,ACTUAL_PRICE,QUANTITY,TOTAL) values (541,1,103140,20,10,200);
Insert into ITEM (ORDER_ID,ITEM_ID,PRODUCT_ID,ACTUAL_PRICE,QUANTITY,TOTAL) values (541,2,103141,20,10,200);
Insert into ITEM (ORDER_ID,ITEM_ID,PRODUCT_ID,ACTUAL_PRICE,QUANTITY,TOTAL) values (532,1,103120,21.59,60.1295,4);
Insert into ITEM (ORDER_ID,ITEM_ID,PRODUCT_ID,ACTUAL_PRICE,QUANTITY,TOTAL) values (527,1,103120,21.59,60.1295,4);
Insert into ITEM (ORDER_ID,ITEM_ID,PRODUCT_ID,ACTUAL_PRICE,QUANTITY,TOTAL) values (527,2,103121,27.35,40,1094);
Insert into ITEM (ORDER_ID,ITEM_ID,PRODUCT_ID,ACTUAL_PRICE,QUANTITY,TOTAL) values (527,3,103140,19,35,665);
Insert into ITEM (ORDER_ID,ITEM_ID,PRODUCT_ID,ACTUAL_PRICE,QUANTITY,TOTAL) values (501,1,103130,3.6,60,216);
Insert into ITEM (ORDER_ID,ITEM_ID,PRODUCT_ID,ACTUAL_PRICE,QUANTITY,TOTAL) values (564,1,103130,3.77,80.301,6);
Insert into ITEM (ORDER_ID,ITEM_ID,PRODUCT_ID,ACTUAL_PRICE,QUANTITY,TOTAL) values (564,2,103131,3.9,120,468);
Insert into ITEM (ORDER_ID,ITEM_ID,PRODUCT_ID,ACTUAL_PRICE,QUANTITY,TOTAL) values (564,3,102132,3.23,40.129,2);
Insert into ITEM (ORDER_ID,ITEM_ID,PRODUCT_ID,ACTUAL_PRICE,QUANTITY,TOTAL) values (537,1,103130,3.6,160,576);
Insert into ITEM (ORDER_ID,ITEM_ID,PRODUCT_ID,ACTUAL_PRICE,QUANTITY,TOTAL) values (537,2,102132,3.23,30.96,9);
Insert into ITEM (ORDER_ID,ITEM_ID,PRODUCT_ID,ACTUAL_PRICE,QUANTITY,TOTAL) values (522,1,103120,21.59,80.1727,2);
Insert into ITEM (ORDER_ID,ITEM_ID,PRODUCT_ID,ACTUAL_PRICE,QUANTITY,TOTAL) values (522,2,103121,28.8,10,288);
Insert into ITEM (ORDER_ID,ITEM_ID,PRODUCT_ID,ACTUAL_PRICE,QUANTITY,TOTAL) values (522,3,103131,4.04,90.363,6);
Insert into ITEM (ORDER_ID,ITEM_ID,PRODUCT_ID,ACTUAL_PRICE,QUANTITY,TOTAL) values (522,4,103141,20,10,200);
Insert into ITEM (ORDER_ID,ITEM_ID,PRODUCT_ID,ACTUAL_PRICE,QUANTITY,TOTAL) values (554,1,103131,4.04,70.282,8);
Insert into ITEM (ORDER_ID,ITEM_ID,PRODUCT_ID,ACTUAL_PRICE,QUANTITY,TOTAL) values (569,1,103120,22.5,50,1125);
Insert into ITEM (ORDER_ID,ITEM_ID,PRODUCT_ID,ACTUAL_PRICE,QUANTITY,TOTAL) values (569,2,103130,3.6,180,648);
Insert into ITEM (ORDER_ID,ITEM_ID,PRODUCT_ID,ACTUAL_PRICE,QUANTITY,TOTAL) values (569,3,103141,20,15,300);
Insert into ITEM (ORDER_ID,ITEM_ID,PRODUCT_ID,ACTUAL_PRICE,QUANTITY,TOTAL) values (550,1,103120,22.5,60,1350);
Insert into ITEM (ORDER_ID,ITEM_ID,PRODUCT_ID,ACTUAL_PRICE,QUANTITY,TOTAL) values (550,2,103140,19,45,855);
Insert into ITEM (ORDER_ID,ITEM_ID,PRODUCT_ID,ACTUAL_PRICE,QUANTITY,TOTAL) values (550,3,103141,20,5,100);
Insert into ITEM (ORDER_ID,ITEM_ID,PRODUCT_ID,ACTUAL_PRICE,QUANTITY,TOTAL) values (550,4,102132,3,4.15,51);
Insert into ITEM (ORDER_ID,ITEM_ID,PRODUCT_ID,ACTUAL_PRICE,QUANTITY,TOTAL) values (548,1,103140,19,30,570);
Insert into ITEM (ORDER_ID,ITEM_ID,PRODUCT_ID,ACTUAL_PRICE,QUANTITY,TOTAL) values (548,2,102132,3.23,30.96,9);
Insert into ITEM (ORDER_ID,ITEM_ID,PRODUCT_ID,ACTUAL_PRICE,QUANTITY,TOTAL) values (505,1,103130,3.5,100,350);
Insert into ITEM (ORDER_ID,ITEM_ID,PRODUCT_ID,ACTUAL_PRICE,QUANTITY,TOTAL) values (505,2,103140,20,15,300);
Insert into ITEM (ORDER_ID,ITEM_ID,PRODUCT_ID,ACTUAL_PRICE,QUANTITY,TOTAL) values (577,1,103121,30,20,600);
Insert into ITEM (ORDER_ID,ITEM_ID,PRODUCT_ID,ACTUAL_PRICE,QUANTITY,TOTAL) values (577,2,103131,3.9,150,585);
Insert into ITEM (ORDER_ID,ITEM_ID,PRODUCT_ID,ACTUAL_PRICE,QUANTITY,TOTAL) values (577,3,102132,3.23,25.80,75);
Insert into ITEM (ORDER_ID,ITEM_ID,PRODUCT_ID,ACTUAL_PRICE,QUANTITY,TOTAL) values (533,1,103121,27.35,30.820,5);
Insert into ITEM (ORDER_ID,ITEM_ID,PRODUCT_ID,ACTUAL_PRICE,QUANTITY,TOTAL) values (533,2,103130,3.77,80.301,6);
Insert into ITEM (ORDER_ID,ITEM_ID,PRODUCT_ID,ACTUAL_PRICE,QUANTITY,TOTAL) values (561,1,103120,22.5,80,1800);
Insert into ITEM (ORDER_ID,ITEM_ID,PRODUCT_ID,ACTUAL_PRICE,QUANTITY,TOTAL) values (561,2,103130,3.77,70.263,9);
Insert into ITEM (ORDER_ID,ITEM_ID,PRODUCT_ID,ACTUAL_PRICE,QUANTITY,TOTAL) values (561,3,103141,20,15,300);
Insert into ITEM (ORDER_ID,ITEM_ID,PRODUCT_ID,ACTUAL_PRICE,QUANTITY,TOTAL) values (561,4,200376,2.16,90.194,4);
Insert into ITEM (ORDER_ID,ITEM_ID,PRODUCT_ID,ACTUAL_PRICE,QUANTITY,TOTAL) values (506,1,103120,20.88,80.1670,4);
Insert into ITEM (ORDER_ID,ITEM_ID,PRODUCT_ID,ACTUAL_PRICE,QUANTITY,TOTAL) values (506,2,103130,3.5,180,630);
Insert into ITEM (ORDER_ID,ITEM_ID,PRODUCT_ID,ACTUAL_PRICE,QUANTITY,TOTAL) values (506,3,103141,20,15,300);
Insert into ITEM (ORDER_ID,ITEM_ID,PRODUCT_ID,ACTUAL_PRICE,QUANTITY,TOTAL) values (530,1,103121,25.91,50.1295,5);
Insert into ITEM (ORDER_ID,ITEM_ID,PRODUCT_ID,ACTUAL_PRICE,QUANTITY,TOTAL) values (530,2,103130,3.6,200,720);
Insert into ITEM (ORDER_ID,ITEM_ID,PRODUCT_ID,ACTUAL_PRICE,QUANTITY,TOTAL) values (530,3,103140,19,40,760);
Insert into ITEM (ORDER_ID,ITEM_ID,PRODUCT_ID,ACTUAL_PRICE,QUANTITY,TOTAL) values (530,4,103141,20,10,200);
Insert into ITEM (ORDER_ID,ITEM_ID,PRODUCT_ID,ACTUAL_PRICE,QUANTITY,TOTAL) values (530,5,102132,3.4,15,51);
Insert into ITEM (ORDER_ID,ITEM_ID,PRODUCT_ID,ACTUAL_PRICE,QUANTITY,TOTAL) values (545,1,103140,19,25,475);
Insert into ITEM (ORDER_ID,ITEM_ID,PRODUCT_ID,ACTUAL_PRICE,QUANTITY,TOTAL) values (557,1,103120,23.75,40,950);
Insert into ITEM (ORDER_ID,ITEM_ID,PRODUCT_ID,ACTUAL_PRICE,QUANTITY,TOTAL) values (557,2,103121,30,10,300);
Insert into ITEM (ORDER_ID,ITEM_ID,PRODUCT_ID,ACTUAL_PRICE,QUANTITY,TOTAL) values (557,3,103140,19,35,665);
Insert into ITEM (ORDER_ID,ITEM_ID,PRODUCT_ID,ACTUAL_PRICE,QUANTITY,TOTAL) values (557,4,200376,2.16,80.172,8);
Insert into ITEM (ORDER_ID,ITEM_ID,PRODUCT_ID,ACTUAL_PRICE,QUANTITY,TOTAL) values (557,5,200380,3.4,110,374);
Insert into ITEM (ORDER_ID,ITEM_ID,PRODUCT_ID,ACTUAL_PRICE,QUANTITY,TOTAL) values (546,1,103120,22.5,50,1125);
Insert into ITEM (ORDER_ID,ITEM_ID,PRODUCT_ID,ACTUAL_PRICE,QUANTITY,TOTAL) values (546,2,103121,30,20,600);
Insert into ITEM (ORDER_ID,ITEM_ID,PRODUCT_ID,ACTUAL_PRICE,QUANTITY,TOTAL) values (546,3,103130,3.6,120,432);
Insert into ITEM (ORDER_ID,ITEM_ID,PRODUCT_ID,ACTUAL_PRICE,QUANTITY,TOTAL) values (546,4,103131,3.9,140,546);
Insert into ITEM (ORDER_ID,ITEM_ID,PRODUCT_ID,ACTUAL_PRICE,QUANTITY,TOTAL) values (546,5,103140,19,40,760);
Insert into ITEM (ORDER_ID,ITEM_ID,PRODUCT_ID,ACTUAL_PRICE,QUANTITY,TOTAL) values (546,6,103141,20,10,200);
Insert into ITEM (ORDER_ID,ITEM_ID,PRODUCT_ID,ACTUAL_PRICE,QUANTITY,TOTAL) values (510,1,103120,2.88,60.1252,8);
Insert into ITEM (ORDER_ID,ITEM_ID,PRODUCT_ID,ACTUAL_PRICE,QUANTITY,TOTAL) values (510,2,103131,4.19,20.83,8);

---------------------------------------------------
--   END DATA FOR TABLE ITEM
---------------------------------------------------

---------------------------------------------------
--   DATA FOR TABLE JOB
--   FILTER = none used
---------------------------------------------------
-- INSERTING into JOB
Insert into JOB (JOB_ID,FUNCTION) values (667,'CLERK');
Insert into JOB (JOB_ID,FUNCTION) values (668,'STAFF');
Insert into JOB (JOB_ID,FUNCTION) values (669,'ANALYST');
Insert into JOB (JOB_ID,FUNCTION) values (670,'SALESPERSON');
Insert into JOB (JOB_ID,FUNCTION) values (671,'MANAGER');
Insert into JOB (JOB_ID,FUNCTION) values (672,'PRESIDENT');

---------------------------------------------------
--   END DATA FOR TABLE JOB
---------------------------------------------------

---------------------------------------------------
--   DATA FOR TABLE LOCATION
--   FILTER = none used
---------------------------------------------------
-- INSERTING into LOCATION
Insert into LOCATION (LOCATION_ID,REGIONAL_GROUP) values (122,'NEW YORK');
Insert into LOCATION (LOCATION_ID,REGIONAL_GROUP) values (124,'DALLAS');
Insert into LOCATION (LOCATION_ID,REGIONAL_GROUP) values (123,'CHICAGO');
Insert into LOCATION (LOCATION_ID,REGIONAL_GROUP) values (167,'BOSTON');

---------------------------------------------------
--   END DATA FOR TABLE LOCATION
---------------------------------------------------

---------------------------------------------------
--   DATA FOR TABLE PRICE
--   FILTER = none used
---------------------------------------------------
-- INSERTING into PRICE
Insert into PRICE (PRODUCT_ID,LIST_PRICE,MIN_PRICE,START_DATE,END_DATE) values (100871,4.8,3.2,to_date('1989.01.01','RRRR.MM.DD'),to_date('1989.12.01','RRRR.MM.DD'));
Insert into PRICE (PRODUCT_ID,LIST_PRICE,MIN_PRICE,START_DATE,END_DATE) values (100890,58,46.4,to_date('1989.01.01','RRRR.MM.DD'),null);
Insert into PRICE (PRODUCT_ID,LIST_PRICE,MIN_PRICE,START_DATE,END_DATE) values (100890,54,40.5,to_date('1988.06.01','RRRR.MM.DD'),to_date('1988.12.31','RRRR.MM.DD'));
Insert into PRICE (PRODUCT_ID,LIST_PRICE,MIN_PRICE,START_DATE,END_DATE) values (100860,35,28,to_date('1990.06.01','RRRR.MM.DD'),null);
Insert into PRICE (PRODUCT_ID,LIST_PRICE,MIN_PRICE,START_DATE,END_DATE) values (100860,32,25.6,to_date('1990.01.01','RRRR.MM.DD'),to_date('1990.05.31','RRRR.MM.DD'));
Insert into PRICE (PRODUCT_ID,LIST_PRICE,MIN_PRICE,START_DATE,END_DATE) values (100860,30,24,to_date('1989.01.01','RRRR.MM.DD'),to_date('1989.12.31','RRRR.MM.DD'));
Insert into PRICE (PRODUCT_ID,LIST_PRICE,MIN_PRICE,START_DATE,END_DATE) values (100861,45,36,to_date('1990.06.01','RRRR.MM.DD'),null);
Insert into PRICE (PRODUCT_ID,LIST_PRICE,MIN_PRICE,START_DATE,END_DATE) values (100861,42,33.6,to_date('1990.01.01','RRRR.MM.DD'),to_date('1990.05.31','RRRR.MM.DD'));
Insert into PRICE (PRODUCT_ID,LIST_PRICE,MIN_PRICE,START_DATE,END_DATE) values (100861,39,31.2,to_date('1989.01.01','RRRR.MM.DD'),to_date('1989.12.31','RRRR.MM.DD'));
Insert into PRICE (PRODUCT_ID,LIST_PRICE,MIN_PRICE,START_DATE,END_DATE) values (100870,2.8,2.4,to_date('1990.01.01','RRRR.MM.DD'),null);
Insert into PRICE (PRODUCT_ID,LIST_PRICE,MIN_PRICE,START_DATE,END_DATE) values (100870,2.4,1.9,to_date('1989.01.01','RRRR.MM.DD'),to_date('1989.12.01','RRRR.MM.DD'));
Insert into PRICE (PRODUCT_ID,LIST_PRICE,MIN_PRICE,START_DATE,END_DATE) values (100871,5.6,4.8,to_date('1990.01.01','RRRR.MM.DD'),null);
Insert into PRICE (PRODUCT_ID,LIST_PRICE,MIN_PRICE,START_DATE,END_DATE) values (101860,24,18,to_date('1989.02.15','RRRR.MM.DD'),null);
Insert into PRICE (PRODUCT_ID,LIST_PRICE,MIN_PRICE,START_DATE,END_DATE) values (101863,12.5,9.4,to_date('1989.02.15','RRRR.MM.DD'),null);
Insert into PRICE (PRODUCT_ID,LIST_PRICE,MIN_PRICE,START_DATE,END_DATE) values (102130,3.4,2.8,to_date('1989.08.18','RRRR.MM.DD'),null);
Insert into PRICE (PRODUCT_ID,LIST_PRICE,MIN_PRICE,START_DATE,END_DATE) values (200376,2.4,1.75,to_date('1990.11.15','RRRR.MM.DD'),null);
Insert into PRICE (PRODUCT_ID,LIST_PRICE,MIN_PRICE,START_DATE,END_DATE) values (200380,4.3,2,to_date('1990.11.15','RRRR.MM.DD'),null);
Insert into PRICE (PRODUCT_ID,LIST_PRICE,MIN_PRICE,START_DATE,END_DATE) values (103120,23.2,18.6,to_date('1989.01.01','RRRR.MM.DD'),to_date('1989.12.31','RRRR.MM.DD'));
Insert into PRICE (PRODUCT_ID,LIST_PRICE,MIN_PRICE,START_DATE,END_DATE) values (103120,24,19.2,to_date('1990.01.01','RRRR.MM.DD'),to_date('1990.05.31','RRRR.MM.DD'));
Insert into PRICE (PRODUCT_ID,LIST_PRICE,MIN_PRICE,START_DATE,END_DATE) values (103120,25,20,to_date('1990.06.01','RRRR.MM.DD'),null);
Insert into PRICE (PRODUCT_ID,LIST_PRICE,MIN_PRICE,START_DATE,END_DATE) values (103121,27.8,22.3,to_date('1989.01.01','RRRR.MM.DD'),to_date('1989.12.31','RRRR.MM.DD'));
Insert into PRICE (PRODUCT_ID,LIST_PRICE,MIN_PRICE,START_DATE,END_DATE) values (103121,28.8,23,to_date('1990.01.01','RRRR.MM.DD'),to_date('1990.05.31','RRRR.MM.DD'));
Insert into PRICE (PRODUCT_ID,LIST_PRICE,MIN_PRICE,START_DATE,END_DATE) values (103121,30,24,to_date('1990.06.01','RRRR.MM.DD'),null);
Insert into PRICE (PRODUCT_ID,LIST_PRICE,MIN_PRICE,START_DATE,END_DATE) values (103130,4,3.5,to_date('1989.01.01','RRRR.MM.DD'),to_date('1989.12.31','RRRR.MM.DD'));
Insert into PRICE (PRODUCT_ID,LIST_PRICE,MIN_PRICE,START_DATE,END_DATE) values (103130,4.2,3.6,to_date('1990.01.01','RRRR.MM.DD'),null);
Insert into PRICE (PRODUCT_ID,LIST_PRICE,MIN_PRICE,START_DATE,END_DATE) values (103131,4.2,3.6,to_date('1989.01.01','RRRR.MM.DD'),to_date('1989.12.31','RRRR.MM.DD'));
Insert into PRICE (PRODUCT_ID,LIST_PRICE,MIN_PRICE,START_DATE,END_DATE) values (103131,4.5,3.9,to_date('1990.01.01','RRRR.MM.DD'),null);
Insert into PRICE (PRODUCT_ID,LIST_PRICE,MIN_PRICE,START_DATE,END_DATE) values (103140,20,15,to_date('1989.02.15','RRRR.MM.DD'),null);
Insert into PRICE (PRODUCT_ID,LIST_PRICE,MIN_PRICE,START_DATE,END_DATE) values (103141,20,15,to_date('1989.02.15','RRRR.MM.DD'),null);
Insert into PRICE (PRODUCT_ID,LIST_PRICE,MIN_PRICE,START_DATE,END_DATE) values (102132,3.4,2.8,to_date('1989.08.18','RRRR.MM.DD'),null);
Insert into PRICE (PRODUCT_ID,LIST_PRICE,MIN_PRICE,START_DATE,END_DATE) values (104350,40,32,to_date('1989.01.01','RRRR.MM.DD'),to_date('1989.12.31','RRRR.MM.DD'));
Insert into PRICE (PRODUCT_ID,LIST_PRICE,MIN_PRICE,START_DATE,END_DATE) values (104350,42,33.6,to_date('1990.01.01','RRRR.MM.DD'),to_date('1990.05.31','RRRR.MM.DD'));
Insert into PRICE (PRODUCT_ID,LIST_PRICE,MIN_PRICE,START_DATE,END_DATE) values (104350,44,35.3,to_date('1990.06.01','RRRR.MM.DD'),null);
Insert into PRICE (PRODUCT_ID,LIST_PRICE,MIN_PRICE,START_DATE,END_DATE) values (104351,23.6,18.9,to_date('1989.01.01','RRRR.MM.DD'),to_date('1989.12.31','RRRR.MM.DD'));
Insert into PRICE (PRODUCT_ID,LIST_PRICE,MIN_PRICE,START_DATE,END_DATE) values (104351,24.8,19.8,to_date('1990.01.01','RRRR.MM.DD'),to_date('1990.05.31','RRRR.MM.DD'));
Insert into PRICE (PRODUCT_ID,LIST_PRICE,MIN_PRICE,START_DATE,END_DATE) values (104351,26,20.8,to_date('1990.06.01','RRRR.MM.DD'),null);
Insert into PRICE (PRODUCT_ID,LIST_PRICE,MIN_PRICE,START_DATE,END_DATE) values (104352,50,35,to_date('1989.01.01','RRRR.MM.DD'),to_date('1989.12.31','RRRR.MM.DD'));
Insert into PRICE (PRODUCT_ID,LIST_PRICE,MIN_PRICE,START_DATE,END_DATE) values (104352,54,37.8,to_date('1990.01.01','RRRR.MM.DD'),to_date('1990.05.31','RRRR.MM.DD'));
Insert into PRICE (PRODUCT_ID,LIST_PRICE,MIN_PRICE,START_DATE,END_DATE) values (104352,58.3,40.8,to_date('1990.06.01','RRRR.MM.DD'),null);
Insert into PRICE (PRODUCT_ID,LIST_PRICE,MIN_PRICE,START_DATE,END_DATE) values (104360,36,29.5,to_date('1989.01.01','RRRR.MM.DD'),to_date('1989.12.31','RRRR.MM.DD'));
Insert into PRICE (PRODUCT_ID,LIST_PRICE,MIN_PRICE,START_DATE,END_DATE) values (104360,39,32,to_date('1990.01.01','RRRR.MM.DD'),null);
Insert into PRICE (PRODUCT_ID,LIST_PRICE,MIN_PRICE,START_DATE,END_DATE) values (104361,47,33,to_date('1989.01.01','RRRR.MM.DD'),to_date('1989.12.31','RRRR.MM.DD'));
Insert into PRICE (PRODUCT_ID,LIST_PRICE,MIN_PRICE,START_DATE,END_DATE) values (104361,50,35,to_date('1990.01.01','RRRR.MM.DD'),null);
Insert into PRICE (PRODUCT_ID,LIST_PRICE,MIN_PRICE,START_DATE,END_DATE) values (104362,5,4,to_date('1989.02.15','RRRR.MM.DD'),null);
Insert into PRICE (PRODUCT_ID,LIST_PRICE,MIN_PRICE,START_DATE,END_DATE) values (102134,3.4,2.8,to_date('1989.08.18','RRRR.MM.DD'),null);
Insert into PRICE (PRODUCT_ID,LIST_PRICE,MIN_PRICE,START_DATE,END_DATE) values (105123,36.3,29,to_date('1989.01.01','RRRR.MM.DD'),to_date('1989.12.31','RRRR.MM.DD'));
Insert into PRICE (PRODUCT_ID,LIST_PRICE,MIN_PRICE,START_DATE,END_DATE) values (105123,37.7,32,to_date('1990.01.01','RRRR.MM.DD'),to_date('1990.05.31','RRRR.MM.DD'));
Insert into PRICE (PRODUCT_ID,LIST_PRICE,MIN_PRICE,START_DATE,END_DATE) values (105123,40,34,to_date('1990.06.01','RRRR.MM.DD'),null);
Insert into PRICE (PRODUCT_ID,LIST_PRICE,MIN_PRICE,START_DATE,END_DATE) values (105124,10.7,6,to_date('1989.01.01','RRRR.MM.DD'),to_date('1989.12.31','RRRR.MM.DD'));
Insert into PRICE (PRODUCT_ID,LIST_PRICE,MIN_PRICE,START_DATE,END_DATE) values (105124,12,9,to_date('1990.01.01','RRRR.MM.DD'),to_date('1990.05.31','RRRR.MM.DD'));
Insert into PRICE (PRODUCT_ID,LIST_PRICE,MIN_PRICE,START_DATE,END_DATE) values (105124,15,10,to_date('1990.06.01','RRRR.MM.DD'),null);
Insert into PRICE (PRODUCT_ID,LIST_PRICE,MIN_PRICE,START_DATE,END_DATE) values (105125,2,1.7,to_date('1989.01.01','RRRR.MM.DD'),to_date('1989.12.31','RRRR.MM.DD'));
Insert into PRICE (PRODUCT_ID,LIST_PRICE,MIN_PRICE,START_DATE,END_DATE) values (105125,3,2.6,to_date('1990.01.01','RRRR.MM.DD'),null);
Insert into PRICE (PRODUCT_ID,LIST_PRICE,MIN_PRICE,START_DATE,END_DATE) values (105126,5,4.3,to_date('1989.01.01','RRRR.MM.DD'),to_date('1989.12.31','RRRR.MM.DD'));
Insert into PRICE (PRODUCT_ID,LIST_PRICE,MIN_PRICE,START_DATE,END_DATE) values (105126,6,5,to_date('1990.01.01','RRRR.MM.DD'),null);
Insert into PRICE (PRODUCT_ID,LIST_PRICE,MIN_PRICE,START_DATE,END_DATE) values (105127,6,5,to_date('1990.11.15','RRRR.MM.DD'),null);
Insert into PRICE (PRODUCT_ID,LIST_PRICE,MIN_PRICE,START_DATE,END_DATE) values (105128,10,8,to_date('1990.11.15','RRRR.MM.DD'),null);
Insert into PRICE (PRODUCT_ID,LIST_PRICE,MIN_PRICE,START_DATE,END_DATE) values (102136,3.4,2.8,to_date('1989.08.18','RRRR.MM.DD'),null);

---------------------------------------------------
--   END DATA FOR TABLE PRICE
---------------------------------------------------

---------------------------------------------------
--   DATA FOR TABLE PRODUCT
--   FILTER = none used
---------------------------------------------------
-- INSERTING into PRODUCT
Insert into PRODUCT (PRODUCT_ID,DESCRIPTION) values (100860,'ACE TENNIS RACKET I');
Insert into PRODUCT (PRODUCT_ID,DESCRIPTION) values (100861,'ACE TENNIS RACKET II');
Insert into PRODUCT (PRODUCT_ID,DESCRIPTION) values (100870,'ACE TENNIS BALLS-3 PACK');
Insert into PRODUCT (PRODUCT_ID,DESCRIPTION) values (100871,'ACE TENNIS BALLS-6 PACK');
Insert into PRODUCT (PRODUCT_ID,DESCRIPTION) values (100890,'ACE TENNIS NET');
Insert into PRODUCT (PRODUCT_ID,DESCRIPTION) values (101860,'SP TENNIS RACKET');
Insert into PRODUCT (PRODUCT_ID,DESCRIPTION) values (101863,'SP JUNIOR RACKET');
Insert into PRODUCT (PRODUCT_ID,DESCRIPTION) values (102130,'RH: "GUIDE TO TENNIS"');
Insert into PRODUCT (PRODUCT_ID,DESCRIPTION) values (200376,'SB ENERGY BAR-6 PACK');
Insert into PRODUCT (PRODUCT_ID,DESCRIPTION) values (200380,'SB VITA SNACK-6 PACK');
Insert into PRODUCT (PRODUCT_ID,DESCRIPTION) values (103120,'WIFF SOFTBALL BAT I');
Insert into PRODUCT (PRODUCT_ID,DESCRIPTION) values (103121,'WIFF SOFTBALL BAT II');
Insert into PRODUCT (PRODUCT_ID,DESCRIPTION) values (103130,'WIFF SOFTBALL, SMALL');
Insert into PRODUCT (PRODUCT_ID,DESCRIPTION) values (103131,'WIFF SOFTBALL, LARGE');
Insert into PRODUCT (PRODUCT_ID,DESCRIPTION) values (103140,'WIFF SOFTBALL MITT (LH)');
Insert into PRODUCT (PRODUCT_ID,DESCRIPTION) values (103141,'WIFF SOFTBALL MITT (RH)');
Insert into PRODUCT (PRODUCT_ID,DESCRIPTION) values (102132,'RH: "GUIDE TO SOFTBALL"');
Insert into PRODUCT (PRODUCT_ID,DESCRIPTION) values (104350,'DUNK BASKETBALL INDOOR');
Insert into PRODUCT (PRODUCT_ID,DESCRIPTION) values (104351,'DUNK BASKETBALL OUTDOOR');
Insert into PRODUCT (PRODUCT_ID,DESCRIPTION) values (104352,'DUNK BASKETBALL PROFESSIONAL');
Insert into PRODUCT (PRODUCT_ID,DESCRIPTION) values (104360,'DUNK HOOP');
Insert into PRODUCT (PRODUCT_ID,DESCRIPTION) values (104361,'DUNK HOOP W/FIBERGLASS BOARD');
Insert into PRODUCT (PRODUCT_ID,DESCRIPTION) values (104362,'DUNK NETS - RAINBOW');
Insert into PRODUCT (PRODUCT_ID,DESCRIPTION) values (102134,'RH: "GUIDE TO BASKETBALL"');
Insert into PRODUCT (PRODUCT_ID,DESCRIPTION) values (105123,'YELLOW JERSEY BICYCLE HELMET');
Insert into PRODUCT (PRODUCT_ID,DESCRIPTION) values (105124,'YELLOW JERSEY BICYCLE GLOVES');
Insert into PRODUCT (PRODUCT_ID,DESCRIPTION) values (105125,'YELLOW JERSEY WATER BOTTLE');
Insert into PRODUCT (PRODUCT_ID,DESCRIPTION) values (105126,'YELLOW JERSEY BOTTLE CAGE');
Insert into PRODUCT (PRODUCT_ID,DESCRIPTION) values (105127,'YELLOW JERSEY FRAME PUMP');
Insert into PRODUCT (PRODUCT_ID,DESCRIPTION) values (105128,'YELLOW JERSEY SADDLE PACK');
Insert into PRODUCT (PRODUCT_ID,DESCRIPTION) values (102136,'RH: "GUIDE TO CYCLING"');

---------------------------------------------------
--   END DATA FOR TABLE PRODUCT
---------------------------------------------------

---------------------------------------------------
--   DATA FOR TABLE SALARY_GRADE
--   FILTER = none used
---------------------------------------------------
-- INSERTING into SALARY_GRADE
Insert into SALARY_GRADE (GRADE_ID,LOWER_BOUND,UPPER_BOUND) values (1,700,1200);
Insert into SALARY_GRADE (GRADE_ID,LOWER_BOUND,UPPER_BOUND) values (2,1201,1400);
Insert into SALARY_GRADE (GRADE_ID,LOWER_BOUND,UPPER_BOUND) values (3,1401,2000);
Insert into SALARY_GRADE (GRADE_ID,LOWER_BOUND,UPPER_BOUND) values (4,2001,3000);
Insert into SALARY_GRADE (GRADE_ID,LOWER_BOUND,UPPER_BOUND) values (5,3001,9999);

---------------------------------------------------
--   END DATA FOR TABLE SALARY_GRADE
---------------------------------------------------

---------------------------------------------------
--   DATA FOR TABLE SALES_ORDER
--   FILTER = none used
---------------------------------------------------
-- INSERTING into SALES_ORDER
Insert into SALES_ORDER (ORDER_ID,ORDER_DATE,CUSTOMER_ID,SHIP_DATE,TOTAL) values (610,to_date('1991.01.07','RRRR.MM.DD'),101,to_date('1991.01.08','RRRR.MM.DD'),101.4);
Insert into SALES_ORDER (ORDER_ID,ORDER_DATE,CUSTOMER_ID,SHIP_DATE,TOTAL) values (611,to_date('1991.01.11','RRRR.MM.DD'),102,to_date('1991.01.11','RRRR.MM.DD'),45);
Insert into SALES_ORDER (ORDER_ID,ORDER_DATE,CUSTOMER_ID,SHIP_DATE,TOTAL) values (612,to_date('1991.01.15','RRRR.MM.DD'),104,to_date('1991.01.20','RRRR.MM.DD'),5860);
Insert into SALES_ORDER (ORDER_ID,ORDER_DATE,CUSTOMER_ID,SHIP_DATE,TOTAL) values (601,to_date('1990.05.01','RRRR.MM.DD'),106,to_date('1990.05.30','RRRR.MM.DD'),60.8);
Insert into SALES_ORDER (ORDER_ID,ORDER_DATE,CUSTOMER_ID,SHIP_DATE,TOTAL) values (602,to_date('1990.06.05','RRRR.MM.DD'),102,to_date('1990.06.20','RRRR.MM.DD'),56);
Insert into SALES_ORDER (ORDER_ID,ORDER_DATE,CUSTOMER_ID,SHIP_DATE,TOTAL) values (600,to_date('1990.05.01','RRRR.MM.DD'),103,to_date('1990.05.29','RRRR.MM.DD'),42);
Insert into SALES_ORDER (ORDER_ID,ORDER_DATE,CUSTOMER_ID,SHIP_DATE,TOTAL) values (604,to_date('1990.06.15','RRRR.MM.DD'),106,to_date('1990.06.30','RRRR.MM.DD'),642);
Insert into SALES_ORDER (ORDER_ID,ORDER_DATE,CUSTOMER_ID,SHIP_DATE,TOTAL) values (605,to_date('1990.07.14','RRRR.MM.DD'),106,to_date('1990.07.30','RRRR.MM.DD'),8374);
Insert into SALES_ORDER (ORDER_ID,ORDER_DATE,CUSTOMER_ID,SHIP_DATE,TOTAL) values (606,to_date('1990.07.14','RRRR.MM.DD'),100,to_date('1990.07.30','RRRR.MM.DD'),3.4);
Insert into SALES_ORDER (ORDER_ID,ORDER_DATE,CUSTOMER_ID,SHIP_DATE,TOTAL) values (609,to_date('1990.08.01','RRRR.MM.DD'),100,to_date('1990.08.15','RRRR.MM.DD'),102.5);
Insert into SALES_ORDER (ORDER_ID,ORDER_DATE,CUSTOMER_ID,SHIP_DATE,TOTAL) values (607,to_date('1990.07.18','RRRR.MM.DD'),104,to_date('1990.07.18','RRRR.MM.DD'),5.6);
Insert into SALES_ORDER (ORDER_ID,ORDER_DATE,CUSTOMER_ID,SHIP_DATE,TOTAL) values (608,to_date('1990.07.25','RRRR.MM.DD'),104,to_date('1990.07.25','RRRR.MM.DD'),35.2);
Insert into SALES_ORDER (ORDER_ID,ORDER_DATE,CUSTOMER_ID,SHIP_DATE,TOTAL) values (603,to_date('1990.06.05','RRRR.MM.DD'),102,to_date('1990.06.05','RRRR.MM.DD'),224);
Insert into SALES_ORDER (ORDER_ID,ORDER_DATE,CUSTOMER_ID,SHIP_DATE,TOTAL) values (620,to_date('1991.03.12','RRRR.MM.DD'),100,to_date('1991.03.12','RRRR.MM.DD'),4450);
Insert into SALES_ORDER (ORDER_ID,ORDER_DATE,CUSTOMER_ID,SHIP_DATE,TOTAL) values (613,to_date('1991.02.01','RRRR.MM.DD'),108,to_date('1991.02.01','RRRR.MM.DD'),6400);
Insert into SALES_ORDER (ORDER_ID,ORDER_DATE,CUSTOMER_ID,SHIP_DATE,TOTAL) values (614,to_date('1991.02.01','RRRR.MM.DD'),102,to_date('1991.02.05','RRRR.MM.DD'),23940);
Insert into SALES_ORDER (ORDER_ID,ORDER_DATE,CUSTOMER_ID,SHIP_DATE,TOTAL) values (616,to_date('1991.02.03','RRRR.MM.DD'),103,to_date('1991.02.10','RRRR.MM.DD'),764);
Insert into SALES_ORDER (ORDER_ID,ORDER_DATE,CUSTOMER_ID,SHIP_DATE,TOTAL) values (619,to_date('1991.02.22','RRRR.MM.DD'),104,to_date('1991.03.04','RRRR.MM.DD'),1260);
Insert into SALES_ORDER (ORDER_ID,ORDER_DATE,CUSTOMER_ID,SHIP_DATE,TOTAL) values (617,to_date('1991.02.05','RRRR.MM.DD'),105,to_date('1991.03.03','RRRR.MM.DD'),46370);
Insert into SALES_ORDER (ORDER_ID,ORDER_DATE,CUSTOMER_ID,SHIP_DATE,TOTAL) values (615,to_date('1991.02.01','RRRR.MM.DD'),107,to_date('1991.02.06','RRRR.MM.DD'),710);
Insert into SALES_ORDER (ORDER_ID,ORDER_DATE,CUSTOMER_ID,SHIP_DATE,TOTAL) values (618,to_date('1991.02.15','RRRR.MM.DD'),102,to_date('1991.03.06','RRRR.MM.DD'),3083);
Insert into SALES_ORDER (ORDER_ID,ORDER_DATE,CUSTOMER_ID,SHIP_DATE,TOTAL) values (621,to_date('1991.03.15','RRRR.MM.DD'),100,to_date('1991.04.01','RRRR.MM.DD'),730);
Insert into SALES_ORDER (ORDER_ID,ORDER_DATE,CUSTOMER_ID,SHIP_DATE,TOTAL) values (509,to_date('1989.06.04','RRRR.MM.DD'),226,to_date('1989.06.10','RRRR.MM.DD'),1174);
Insert into SALES_ORDER (ORDER_ID,ORDER_DATE,CUSTOMER_ID,SHIP_DATE,TOTAL) values (523,to_date('1990.02.13','RRRR.MM.DD'),226,to_date('1990.02.13','RRRR.MM.DD'),1165);
Insert into SALES_ORDER (ORDER_ID,ORDER_DATE,CUSTOMER_ID,SHIP_DATE,TOTAL) values (549,to_date('1990.12.27','RRRR.MM.DD'),226,to_date('1991.01.14','RRRR.MM.DD'),1620);
Insert into SALES_ORDER (ORDER_ID,ORDER_DATE,CUSTOMER_ID,SHIP_DATE,TOTAL) values (507,to_date('1989.05.26','RRRR.MM.DD'),228,to_date('1989.05.27','RRRR.MM.DD'),886);
Insert into SALES_ORDER (ORDER_ID,ORDER_DATE,CUSTOMER_ID,SHIP_DATE,TOTAL) values (516,to_date('1989.09.30','RRRR.MM.DD'),228,to_date('1989.10.03','RRRR.MM.DD'),1815);
Insert into SALES_ORDER (ORDER_ID,ORDER_DATE,CUSTOMER_ID,SHIP_DATE,TOTAL) values (553,to_date('1991.02.02','RRRR.MM.DD'),228,to_date('1991.02.13','RRRR.MM.DD'),4400);
Insert into SALES_ORDER (ORDER_ID,ORDER_DATE,CUSTOMER_ID,SHIP_DATE,TOTAL) values (526,to_date('1990.03.04','RRRR.MM.DD'),221,to_date('1990.03.07','RRRR.MM.DD'),7700);
Insert into SALES_ORDER (ORDER_ID,ORDER_DATE,CUSTOMER_ID,SHIP_DATE,TOTAL) values (543,to_date('1990.09.04','RRRR.MM.DD'),221,to_date('1990.09.07','RRRR.MM.DD'),8400);
Insert into SALES_ORDER (ORDER_ID,ORDER_DATE,CUSTOMER_ID,SHIP_DATE,TOTAL) values (555,to_date('1991.03.04','RRRR.MM.DD'),221,to_date('1991.03.07','RRRR.MM.DD'),8540);
Insert into SALES_ORDER (ORDER_ID,ORDER_DATE,CUSTOMER_ID,SHIP_DATE,TOTAL) values (559,to_date('1990.11.16','RRRR.MM.DD'),222,to_date('1991.04.23','RRRR.MM.DD'),387.2);
Insert into SALES_ORDER (ORDER_ID,ORDER_DATE,CUSTOMER_ID,SHIP_DATE,TOTAL) values (528,to_date('1990.03.24','RRRR.MM.DD'),224,to_date('1990.03.24','RRRR.MM.DD'),3770);
Insert into SALES_ORDER (ORDER_ID,ORDER_DATE,CUSTOMER_ID,SHIP_DATE,TOTAL) values (531,to_date('1990.03.31','RRRR.MM.DD'),224,to_date('1990.04.02','RRRR.MM.DD'),1400);
Insert into SALES_ORDER (ORDER_ID,ORDER_DATE,CUSTOMER_ID,SHIP_DATE,TOTAL) values (558,to_date('1991.03.31','RRRR.MM.DD'),224,to_date('1991.04.02','RRRR.MM.DD'),1700);
Insert into SALES_ORDER (ORDER_ID,ORDER_DATE,CUSTOMER_ID,SHIP_DATE,TOTAL) values (525,to_date('1990.02.28','RRRR.MM.DD'),225,to_date('1990.03.03','RRRR.MM.DD'),377);
Insert into SALES_ORDER (ORDER_ID,ORDER_DATE,CUSTOMER_ID,SHIP_DATE,TOTAL) values (552,to_date('1991.02.02','RRRR.MM.DD'),223,to_date('1991.02.07','RRRR.MM.DD'),555.8);
Insert into SALES_ORDER (ORDER_ID,ORDER_DATE,CUSTOMER_ID,SHIP_DATE,TOTAL) values (556,to_date('1991.03.10','RRRR.MM.DD'),223,to_date('1991.03.12','RRRR.MM.DD'),85);
Insert into SALES_ORDER (ORDER_ID,ORDER_DATE,CUSTOMER_ID,SHIP_DATE,TOTAL) values (560,to_date('1991.04.25','RRRR.MM.DD'),223,to_date('1991.04.25','RRRR.MM.DD'),72);
Insert into SALES_ORDER (ORDER_ID,ORDER_DATE,CUSTOMER_ID,SHIP_DATE,TOTAL) values (565,to_date('1991.06.01','RRRR.MM.DD'),227,to_date('1991.06.03','RRRR.MM.DD'),4900);
Insert into SALES_ORDER (ORDER_ID,ORDER_DATE,CUSTOMER_ID,SHIP_DATE,TOTAL) values (574,to_date('1991.10.10','RRRR.MM.DD'),201,to_date('1991.10.12','RRRR.MM.DD'),1685);
Insert into SALES_ORDER (ORDER_ID,ORDER_DATE,CUSTOMER_ID,SHIP_DATE,TOTAL) values (576,to_date('1991.10.13','RRRR.MM.DD'),201,to_date('1991.10.18','RRRR.MM.DD'),2058.9);
Insert into SALES_ORDER (ORDER_ID,ORDER_DATE,CUSTOMER_ID,SHIP_DATE,TOTAL) values (503,to_date('1989.03.25','RRRR.MM.DD'),201,to_date('1989.04.06','RRRR.MM.DD'),1876);
Insert into SALES_ORDER (ORDER_ID,ORDER_DATE,CUSTOMER_ID,SHIP_DATE,TOTAL) values (518,to_date('1989.10.20','RRRR.MM.DD'),201,to_date('1989.11.05','RRRR.MM.DD'),2932.5);
Insert into SALES_ORDER (ORDER_ID,ORDER_DATE,CUSTOMER_ID,SHIP_DATE,TOTAL) values (517,to_date('1989.10.23','RRRR.MM.DD'),201,to_date('1989.11.07','RRRR.MM.DD'),784);
Insert into SALES_ORDER (ORDER_ID,ORDER_DATE,CUSTOMER_ID,SHIP_DATE,TOTAL) values (544,to_date('1990.09.11','RRRR.MM.DD'),202,to_date('1990.09.15','RRRR.MM.DD'),2358);
Insert into SALES_ORDER (ORDER_ID,ORDER_DATE,CUSTOMER_ID,SHIP_DATE,TOTAL) values (524,to_date('1990.02.22','RRRR.MM.DD'),202,to_date('1990.03.04','RRRR.MM.DD'),1979);
Insert into SALES_ORDER (ORDER_ID,ORDER_DATE,CUSTOMER_ID,SHIP_DATE,TOTAL) values (502,to_date('1989.02.10','RRRR.MM.DD'),202,to_date('1989.02.23','RRRR.MM.DD'),500);
Insert into SALES_ORDER (ORDER_ID,ORDER_DATE,CUSTOMER_ID,SHIP_DATE,TOTAL) values (539,to_date('1990.06.26','RRRR.MM.DD'),202,to_date('1990.07.03','RRRR.MM.DD'),1300);
Insert into SALES_ORDER (ORDER_ID,ORDER_DATE,CUSTOMER_ID,SHIP_DATE,TOTAL) values (511,to_date('1989.08.17','RRRR.MM.DD'),202,to_date('1989.08.21','RRRR.MM.DD'),647);
Insert into SALES_ORDER (ORDER_ID,ORDER_DATE,CUSTOMER_ID,SHIP_DATE,TOTAL) values (512,to_date('1989.08.28','RRRR.MM.DD'),203,to_date('1989.09.13','RRRR.MM.DD'),428);
Insert into SALES_ORDER (ORDER_ID,ORDER_DATE,CUSTOMER_ID,SHIP_DATE,TOTAL) values (562,to_date('1991.05.04','RRRR.MM.DD'),203,to_date('1991.05.19','RRRR.MM.DD'),2044.5);
Insert into SALES_ORDER (ORDER_ID,ORDER_DATE,CUSTOMER_ID,SHIP_DATE,TOTAL) values (529,to_date('1990.04.02','RRRR.MM.DD'),203,to_date('1990.04.05','RRRR.MM.DD'),1264.7);
Insert into SALES_ORDER (ORDER_ID,ORDER_DATE,CUSTOMER_ID,SHIP_DATE,TOTAL) values (563,to_date('1991.05.25','RRRR.MM.DD'),204,to_date('1991.05.26','RRRR.MM.DD'),889);
Insert into SALES_ORDER (ORDER_ID,ORDER_DATE,CUSTOMER_ID,SHIP_DATE,TOTAL) values (568,to_date('1991.07.13','RRRR.MM.DD'),204,to_date('1991.07.21','RRRR.MM.DD'),1217.4);
Insert into SALES_ORDER (ORDER_ID,ORDER_DATE,CUSTOMER_ID,SHIP_DATE,TOTAL) values (504,to_date('1989.04.11','RRRR.MM.DD'),204,to_date('1989.04.12','RRRR.MM.DD'),1434.7);
Insert into SALES_ORDER (ORDER_ID,ORDER_DATE,CUSTOMER_ID,SHIP_DATE,TOTAL) values (538,to_date('1990.06.23','RRRR.MM.DD'),204,to_date('1990.06.26','RRRR.MM.DD'),741);
Insert into SALES_ORDER (ORDER_ID,ORDER_DATE,CUSTOMER_ID,SHIP_DATE,TOTAL) values (535,to_date('1990.05.28','RRRR.MM.DD'),204,to_date('1990.06.09','RRRR.MM.DD'),810);
Insert into SALES_ORDER (ORDER_ID,ORDER_DATE,CUSTOMER_ID,SHIP_DATE,TOTAL) values (578,to_date('1991.11.19','RRRR.MM.DD'),204,to_date('1991.12.04','RRRR.MM.DD'),2275.6);
Insert into SALES_ORDER (ORDER_ID,ORDER_DATE,CUSTOMER_ID,SHIP_DATE,TOTAL) values (534,to_date('1990.05.11','RRRR.MM.DD'),206,to_date('1990.05.15','RRRR.MM.DD'),420);
Insert into SALES_ORDER (ORDER_ID,ORDER_DATE,CUSTOMER_ID,SHIP_DATE,TOTAL) values (536,to_date('1990.05.21','RRRR.MM.DD'),206,to_date('1990.06.06','RRRR.MM.DD'),2135.6);
Insert into SALES_ORDER (ORDER_ID,ORDER_DATE,CUSTOMER_ID,SHIP_DATE,TOTAL) values (572,to_date('1991.08.19','RRRR.MM.DD'),206,to_date('1991.08.24','RRRR.MM.DD'),1200.5);
Insert into SALES_ORDER (ORDER_ID,ORDER_DATE,CUSTOMER_ID,SHIP_DATE,TOTAL) values (514,to_date('1989.09.05','RRRR.MM.DD'),207,to_date('1989.09.16','RRRR.MM.DD'),1140);
Insert into SALES_ORDER (ORDER_ID,ORDER_DATE,CUSTOMER_ID,SHIP_DATE,TOTAL) values (521,to_date('1989.11.20','RRRR.MM.DD'),207,to_date('1989.11.23','RRRR.MM.DD'),896.9);
Insert into SALES_ORDER (ORDER_ID,ORDER_DATE,CUSTOMER_ID,SHIP_DATE,TOTAL) values (551,to_date('1991.01.22','RRRR.MM.DD'),208,to_date('1991.02.06','RRRR.MM.DD'),1142);
Insert into SALES_ORDER (ORDER_ID,ORDER_DATE,CUSTOMER_ID,SHIP_DATE,TOTAL) values (513,to_date('1989.09.06','RRRR.MM.DD'),208,to_date('1989.09.14','RRRR.MM.DD'),1497);
Insert into SALES_ORDER (ORDER_ID,ORDER_DATE,CUSTOMER_ID,SHIP_DATE,TOTAL) values (508,to_date('1989.05.26','RRRR.MM.DD'),208,to_date('1989.06.08','RRRR.MM.DD'),1080);
Insert into SALES_ORDER (ORDER_ID,ORDER_DATE,CUSTOMER_ID,SHIP_DATE,TOTAL) values (515,to_date('1989.09.19','RRRR.MM.DD'),208,to_date('1989.09.26','RRRR.MM.DD'),1428.5);
Insert into SALES_ORDER (ORDER_ID,ORDER_DATE,CUSTOMER_ID,SHIP_DATE,TOTAL) values (542,to_date('1990.08.11','RRRR.MM.DD'),208,to_date('1990.08.23','RRRR.MM.DD'),2409);
Insert into SALES_ORDER (ORDER_ID,ORDER_DATE,CUSTOMER_ID,SHIP_DATE,TOTAL) values (573,to_date('1991.10.10','RRRR.MM.DD'),201,to_date('1991.10.12','RRRR.MM.DD'),1627);
Insert into SALES_ORDER (ORDER_ID,ORDER_DATE,CUSTOMER_ID,SHIP_DATE,TOTAL) values (566,to_date('1991.06.09','RRRR.MM.DD'),201,to_date('1991.06.12','RRRR.MM.DD'),3389.2);
Insert into SALES_ORDER (ORDER_ID,ORDER_DATE,CUSTOMER_ID,SHIP_DATE,TOTAL) values (520,to_date('1989.11.16','RRRR.MM.DD'),201,to_date('1989.11.19','RRRR.MM.DD'),341.6);
Insert into SALES_ORDER (ORDER_ID,ORDER_DATE,CUSTOMER_ID,SHIP_DATE,TOTAL) values (519,to_date('1989.10.20','RRRR.MM.DD'),201,to_date('1989.11.05','RRRR.MM.DD'),955);
Insert into SALES_ORDER (ORDER_ID,ORDER_DATE,CUSTOMER_ID,SHIP_DATE,TOTAL) values (575,to_date('1991.10.04','RRRR.MM.DD'),201,to_date('1991.10.17','RRRR.MM.DD'),684);
Insert into SALES_ORDER (ORDER_ID,ORDER_DATE,CUSTOMER_ID,SHIP_DATE,TOTAL) values (547,to_date('1990.10.16','RRRR.MM.DD'),202,to_date('1990.10.27','RRRR.MM.DD'),984.4);
Insert into SALES_ORDER (ORDER_ID,ORDER_DATE,CUSTOMER_ID,SHIP_DATE,TOTAL) values (540,to_date('1990.07.15','RRRR.MM.DD'),202,to_date('1990.07.17','RRRR.MM.DD'),861.2);
Insert into SALES_ORDER (ORDER_ID,ORDER_DATE,CUSTOMER_ID,SHIP_DATE,TOTAL) values (567,to_date('1991.07.05','RRRR.MM.DD'),202,to_date('1991.07.07','RRRR.MM.DD'),200);
Insert into SALES_ORDER (ORDER_ID,ORDER_DATE,CUSTOMER_ID,SHIP_DATE,TOTAL) values (570,to_date('1991.07.17','RRRR.MM.DD'),202,to_date('1991.07.24','RRRR.MM.DD'),663.6);
Insert into SALES_ORDER (ORDER_ID,ORDER_DATE,CUSTOMER_ID,SHIP_DATE,TOTAL) values (571,to_date('1991.08.02','RRRR.MM.DD'),202,to_date('1991.08.12','RRRR.MM.DD'),1095.6);
Insert into SALES_ORDER (ORDER_ID,ORDER_DATE,CUSTOMER_ID,SHIP_DATE,TOTAL) values (541,to_date('1990.08.08','RRRR.MM.DD'),203,to_date('1990.08.18','RRRR.MM.DD'),400);
Insert into SALES_ORDER (ORDER_ID,ORDER_DATE,CUSTOMER_ID,SHIP_DATE,TOTAL) values (532,to_date('1990.04.08','RRRR.MM.DD'),203,to_date('1990.04.21','RRRR.MM.DD'),1295.4);
Insert into SALES_ORDER (ORDER_ID,ORDER_DATE,CUSTOMER_ID,SHIP_DATE,TOTAL) values (527,to_date('1990.02.27','RRRR.MM.DD'),204,to_date('1990.03.14','RRRR.MM.DD'),3054.4);
Insert into SALES_ORDER (ORDER_ID,ORDER_DATE,CUSTOMER_ID,SHIP_DATE,TOTAL) values (501,to_date('1989.01.06','RRRR.MM.DD'),204,to_date('1989.01.11','RRRR.MM.DD'),216);
Insert into SALES_ORDER (ORDER_ID,ORDER_DATE,CUSTOMER_ID,SHIP_DATE,TOTAL) values (564,to_date('1991.05.25','RRRR.MM.DD'),204,to_date('1991.05.26','RRRR.MM.DD'),898.8);
Insert into SALES_ORDER (ORDER_ID,ORDER_DATE,CUSTOMER_ID,SHIP_DATE,TOTAL) values (537,to_date('1990.06.14','RRRR.MM.DD'),204,to_date('1990.06.26','RRRR.MM.DD'),672.9);
Insert into SALES_ORDER (ORDER_ID,ORDER_DATE,CUSTOMER_ID,SHIP_DATE,TOTAL) values (522,to_date('1990.01.07','RRRR.MM.DD'),204,to_date('1990.01.10','RRRR.MM.DD'),2578.8);
Insert into SALES_ORDER (ORDER_ID,ORDER_DATE,CUSTOMER_ID,SHIP_DATE,TOTAL) values (554,to_date('1991.02.18','RRRR.MM.DD'),204,to_date('1991.02.22','RRRR.MM.DD'),282.8);
Insert into SALES_ORDER (ORDER_ID,ORDER_DATE,CUSTOMER_ID,SHIP_DATE,TOTAL) values (569,to_date('1991.07.16','RRRR.MM.DD'),205,to_date('1991.07.23','RRRR.MM.DD'),2073);
Insert into SALES_ORDER (ORDER_ID,ORDER_DATE,CUSTOMER_ID,SHIP_DATE,TOTAL) values (550,to_date('1991.01.27','RRRR.MM.DD'),205,to_date('1991.02.07','RRRR.MM.DD'),2356);
Insert into SALES_ORDER (ORDER_ID,ORDER_DATE,CUSTOMER_ID,SHIP_DATE,TOTAL) values (548,to_date('1990.11.26','RRRR.MM.DD'),205,to_date('1990.12.12','RRRR.MM.DD'),666.9);
Insert into SALES_ORDER (ORDER_ID,ORDER_DATE,CUSTOMER_ID,SHIP_DATE,TOTAL) values (505,to_date('1989.04.07','RRRR.MM.DD'),206,to_date('1989.04.22','RRRR.MM.DD'),650);
Insert into SALES_ORDER (ORDER_ID,ORDER_DATE,CUSTOMER_ID,SHIP_DATE,TOTAL) values (577,to_date('1991.10.06','RRRR.MM.DD'),206,to_date('1991.10.20','RRRR.MM.DD'),1265.75);
Insert into SALES_ORDER (ORDER_ID,ORDER_DATE,CUSTOMER_ID,SHIP_DATE,TOTAL) values (533,to_date('1990.04.28','RRRR.MM.DD'),206,to_date('1990.05.02','RRRR.MM.DD'),1122.1);
Insert into SALES_ORDER (ORDER_ID,ORDER_DATE,CUSTOMER_ID,SHIP_DATE,TOTAL) values (561,to_date('1991.04.20','RRRR.MM.DD'),207,to_date('1991.05.07','RRRR.MM.DD'),2558.3);
Insert into SALES_ORDER (ORDER_ID,ORDER_DATE,CUSTOMER_ID,SHIP_DATE,TOTAL) values (506,to_date('1989.04.27','RRRR.MM.DD'),208,to_date('1989.05.10','RRRR.MM.DD'),2600.4);
Insert into SALES_ORDER (ORDER_ID,ORDER_DATE,CUSTOMER_ID,SHIP_DATE,TOTAL) values (530,to_date('1990.04.03','RRRR.MM.DD'),208,to_date('1990.04.07','RRRR.MM.DD'),3026.5);
Insert into SALES_ORDER (ORDER_ID,ORDER_DATE,CUSTOMER_ID,SHIP_DATE,TOTAL) values (545,to_date('1990.10.06','RRRR.MM.DD'),208,to_date('1990.10.13','RRRR.MM.DD'),475);
Insert into SALES_ORDER (ORDER_ID,ORDER_DATE,CUSTOMER_ID,SHIP_DATE,TOTAL) values (557,to_date('1991.03.08','RRRR.MM.DD'),208,to_date('1991.03.12','RRRR.MM.DD'),2461.8);
Insert into SALES_ORDER (ORDER_ID,ORDER_DATE,CUSTOMER_ID,SHIP_DATE,TOTAL) values (546,to_date('1990.10.17','RRRR.MM.DD'),208,to_date('1990.10.23','RRRR.MM.DD'),3663);
Insert into SALES_ORDER (ORDER_ID,ORDER_DATE,CUSTOMER_ID,SHIP_DATE,TOTAL) values (510,to_date('1989.07.18','RRRR.MM.DD'),208,to_date('1989.07.21','RRRR.MM.DD'),1336.6);

---------------------------------------------------
--   END DATA FOR TABLE SALES_ORDER
---------------------------------------------------

--------------------------------------------------------
--  Constraints for Table LOCATION
--------------------------------------------------------

  ALTER TABLE  "LOCATION" ADD CHECK (LOCATION_ID IS NOT NULL) ENABLE;
 
  ALTER TABLE  "LOCATION" ADD PRIMARY KEY ("LOCATION_ID") ENABLE;
 
--------------------------------------------------------
--  Constraints for Table DEPARTMENT
--------------------------------------------------------

  ALTER TABLE  "DEPARTMENT" ADD CHECK (DEPARTMENT_ID IS NOT NULL) ENABLE;
 
  ALTER TABLE  "DEPARTMENT" ADD PRIMARY KEY ("DEPARTMENT_ID") ENABLE;
 
--------------------------------------------------------
--  Constraints for Table JOB
--------------------------------------------------------

  ALTER TABLE  "JOB" ADD CHECK (JOB_ID IS NOT NULL) ENABLE;
 
  ALTER TABLE  "JOB" ADD CHECK (FUNCTION IS NOT NULL) ENABLE;
 
  ALTER TABLE  "JOB" ADD PRIMARY KEY ("JOB_ID") ENABLE;
 
--------------------------------------------------------
--  Constraints for Table EMPLOYEE
--------------------------------------------------------

  ALTER TABLE  "EMPLOYEE" ADD CHECK (EMPLOYEE_ID IS NOT NULL) ENABLE;
 
  ALTER TABLE  "EMPLOYEE" ADD CHECK (DEPARTMENT_ID IS NOT NULL) ENABLE;
 
  ALTER TABLE  "EMPLOYEE" ADD PRIMARY KEY ("EMPLOYEE_ID") ENABLE;
 
--------------------------------------------------------
--  Constraints for Table SALARY_GRADE
--------------------------------------------------------

  ALTER TABLE  "SALARY_GRADE" ADD CHECK (GRADE_ID IS NOT NULL) ENABLE;
 
  ALTER TABLE  "SALARY_GRADE" ADD CHECK ((LOWER_BOUND IS NULL AND UPPER_BOUND IS NOT NULL) OR (LOWER_BOUND IS NOT NULL AND UPPER_BOUND IS NULL) OR (LOWER_BOUND <= UPPER_BOUND)) ENABLE;
 
  ALTER TABLE  "SALARY_GRADE" ADD PRIMARY KEY ("GRADE_ID") ENABLE;
 
--------------------------------------------------------
--  Constraints for Table PRODUCT
--------------------------------------------------------

  ALTER TABLE  "PRODUCT" ADD CHECK (PRODUCT_ID IS NOT NULL) ENABLE;
 
  ALTER TABLE  "PRODUCT" ADD PRIMARY KEY ("PRODUCT_ID") ENABLE;
 
--------------------------------------------------------
--  Constraints for Table PRICE
--------------------------------------------------------

  ALTER TABLE  "PRICE" ADD CHECK (PRODUCT_ID IS NOT NULL) ENABLE;
 
  ALTER TABLE  "PRICE" ADD CHECK (START_DATE IS NOT NULL) ENABLE;
 
  ALTER TABLE  "PRICE" ADD CHECK (LIST_PRICE IS NULL OR MIN_PRICE IS NULL OR MIN_PRICE <= LIST_PRICE) ENABLE;
 
  ALTER TABLE  "PRICE" ADD CHECK (END_DATE IS NULL OR START_DATE <= END_DATE) ENABLE;
 
  ALTER TABLE  "PRICE" ADD PRIMARY KEY ("PRODUCT_ID", "START_DATE") ENABLE;
 
--------------------------------------------------------
--  Constraints for Table CUSTOMER
--------------------------------------------------------

  ALTER TABLE  "CUSTOMER" ADD CHECK (CUSTOMER_ID IS NOT NULL) ENABLE;
 
  ALTER TABLE  "CUSTOMER" ADD CHECK (SALESPERSON_ID IS NOT NULL) ENABLE;
 
  ALTER TABLE  "CUSTOMER" ADD CHECK (CUSTOMER_ID > 0) ENABLE;
 
  ALTER TABLE  "CUSTOMER" ADD CHECK (STATE = UPPER(STATE)) ENABLE;
 
  ALTER TABLE  "CUSTOMER" ADD CHECK (LENGTH(NVL(ZIP_CODE, '99999')) IN (5, 9)) ENABLE;
 
  ALTER TABLE  "CUSTOMER" ADD PRIMARY KEY ("CUSTOMER_ID") ENABLE;
 
--------------------------------------------------------
--  Constraints for Table SALES_ORDER
--------------------------------------------------------

  ALTER TABLE  "SALES_ORDER" ADD CHECK (ORDER_ID IS NOT NULL) ENABLE;
 
  ALTER TABLE  "SALES_ORDER" ADD CHECK (CUSTOMER_ID IS NOT NULL) ENABLE;
 
  ALTER TABLE  "SALES_ORDER" ADD CHECK (TOTAL >= 0) ENABLE;
 
  ALTER TABLE  "SALES_ORDER" ADD PRIMARY KEY ("ORDER_ID") ENABLE;
 
--------------------------------------------------------
--  Constraints for Table ITEM
--------------------------------------------------------

  ALTER TABLE  "ITEM" ADD CHECK (ORDER_ID IS NOT NULL) ENABLE;
 
  ALTER TABLE  "ITEM" ADD CHECK (ITEM_ID IS NOT NULL) ENABLE;
 
  ALTER TABLE  "ITEM" ADD PRIMARY KEY ("ORDER_ID", "ITEM_ID") ENABLE;
 
 
--------------------------------------------------------
--  Ref Constraints for Table DEPARTMENT
--------------------------------------------------------

  ALTER TABLE  "DEPARTMENT" ADD FOREIGN KEY ("LOCATION_ID")
	  REFERENCES  "LOCATION" ("LOCATION_ID") ENABLE;
 
--------------------------------------------------------
--  Ref Constraints for Table EMPLOYEE
--------------------------------------------------------

  ALTER TABLE  "EMPLOYEE" ADD FOREIGN KEY ("JOB_ID")
	  REFERENCES  "JOB" ("JOB_ID") ENABLE;
 
  ALTER TABLE  "EMPLOYEE" ADD FOREIGN KEY ("MANAGER_ID")
	  REFERENCES  "EMPLOYEE" ("EMPLOYEE_ID") ENABLE;
 
  ALTER TABLE  "EMPLOYEE" ADD FOREIGN KEY ("DEPARTMENT_ID")
	  REFERENCES  "DEPARTMENT" ("DEPARTMENT_ID") ENABLE;
 
--------------------------------------------------------
--  Ref Constraints for Table PRICE
--------------------------------------------------------

  ALTER TABLE  "PRICE" ADD FOREIGN KEY ("PRODUCT_ID")
	  REFERENCES  "PRODUCT" ("PRODUCT_ID") ENABLE;
 
--------------------------------------------------------
--  Ref Constraints for Table CUSTOMER
--------------------------------------------------------

  ALTER TABLE  "CUSTOMER" ADD FOREIGN KEY ("SALESPERSON_ID")
	  REFERENCES  "EMPLOYEE" ("EMPLOYEE_ID") ENABLE;
 
--------------------------------------------------------
--  Ref Constraints for Table SALES_ORDER
--------------------------------------------------------

  ALTER TABLE  "SALES_ORDER" ADD FOREIGN KEY ("CUSTOMER_ID")
	  REFERENCES  "CUSTOMER" ("CUSTOMER_ID") ENABLE;
 
--------------------------------------------------------
--  Ref Constraints for Table ITEM
--------------------------------------------------------

  ALTER TABLE  "ITEM" ADD FOREIGN KEY ("ORDER_ID")
	  REFERENCES  "SALES_ORDER" ("ORDER_ID") ENABLE;
 
  ALTER TABLE  "ITEM" ADD FOREIGN KEY ("PRODUCT_ID")
	  REFERENCES  "PRODUCT" ("PRODUCT_ID") ENABLE;
 
